Date,No of Trans,Max,Min,Close,Volume
2015-01-01,8.0,960.0,914.0,960.0,838.0
2015-01-04,5.0,960.0,950.0,950.0,668.0
2015-01-05,5.0,956.0,951.0,951.0,1041.0
2015-01-06,9.0,955.0,945.0,950.0,3244.0
2015-01-07,8.0,942.0,906.0,934.0,1066.0
2015-01-08,11.0,954.0,950.0,954.0,1471.0
2015-01-11,8.0,950.0,941.0,946.0,2009.0
2015-01-12,4.0,935.0,932.0,932.0,670.0
2015-01-13,5.0,944.0,935.0,944.0,1024.0
2015-01-14,5.0,960.0,950.0,950.0,988.0
2015-01-18,7.0,969.0,952.0,952.0,1267.0
2015-01-19,11.0,991.0,971.0,989.0,1691.0
2015-01-20,10.0,975.0,951.0,953.0,1350.0
2015-01-22,6.0,955.0,936.0,955.0,953.0
2015-01-25,7.0,975.0,955.0,975.0,1520.0
2015-01-26,1.0,976.0,976.0,976.0,54.0
2015-01-27,8.0,999.0,982.0,982.0,1487.0
2015-01-28,4.0,1002.0,1000.0,1000.0,193.0
2015-01-29,16.0,1005.0,996.0,997.0,2417.0
2015-02-01,12.0,1008.0,995.0,1000.0,1717.0
2015-02-02,22.0,1009.0,995.0,999.0,5332.0
2015-02-03,4.0,1000.0,980.0,981.0,667.0
2015-02-04,10.0,1000.0,981.0,997.0,1327.0
2015-02-05,11.0,1000.0,984.0,984.0,1636.0
2015-02-08,11.0,994.0,980.0,994.0,1512.0
2015-02-09,6.0,1004.0,988.0,989.0,1128.0
2015-02-10,15.0,983.0,975.0,980.0,4832.0
2015-02-11,1.0,980.0,980.0,980.0,110.0
2015-02-12,3.0,990.0,972.0,980.0,2032.0
2015-02-15,8.0,981.0,975.0,975.0,1223.0
2015-02-16,13.0,980.0,970.0,977.0,2771.0
2015-02-18,8.0,975.0,964.0,965.0,1867.0
2015-02-22,1.0,950.0,950.0,950.0,22.0
2015-02-23,10.0,952.0,930.0,952.0,4454.0
2015-02-24,11.0,965.0,945.0,946.0,2248.0
2015-02-25,1.0,950.0,950.0,950.0,45.0
2015-02-26,2.0,950.0,940.0,940.0,474.0
2015-03-01,5.0,935.0,913.0,935.0,2129.0
2015-03-02,10.0,950.0,925.0,950.0,7682.0
2015-03-03,5.0,942.0,931.0,940.0,242.0
2015-03-04,4.0,945.0,940.0,940.0,545.0
2015-03-09,4.0,940.0,924.0,940.0,1645.0
2015-03-10,3.0,950.0,940.0,940.0,439.0
2015-03-12,1.0,932.0,932.0,932.0,100.0
2015-03-15,8.0,930.0,922.0,922.0,2858.0
2015-03-16,3.0,921.0,920.0,920.0,477.0
2015-03-17,9.0,928.0,918.0,921.0,2112.0
2015-03-18,5.0,923.0,905.0,923.0,514.0
2015-03-19,7.0,928.0,921.0,927.0,2109.0
2015-03-22,5.0,925.0,910.0,910.0,798.0
2015-03-23,3.0,921.0,915.0,921.0,320.0
2015-03-24,14.0,920.0,911.0,920.0,3920.0
2015-03-25,9.0,916.0,906.0,909.0,2106.0
2015-03-26,2.0,912.0,911.0,912.0,110.0
2015-03-29,35.0,915.0,900.0,900.0,12965.0
2015-03-30,7.0,905.0,900.0,900.0,1045.0
2015-03-31,5.0,916.0,900.0,902.0,1413.0
2015-04-02,5.0,901.0,900.0,901.0,1029.0
2015-04-05,7.0,901.0,890.0,890.0,2120.0
2015-04-06,13.0,907.0,895.0,900.0,8752.0
2015-04-07,3.0,904.0,900.0,904.0,936.0
2015-04-08,4.0,922.0,915.0,920.0,829.0
2015-04-09,5.0,925.0,920.0,920.0,768.0
2015-04-12,10.0,915.0,905.0,913.0,1133.0
2015-04-13,8.0,906.0,900.0,901.0,2137.0
2015-04-15,4.0,925.0,900.0,900.0,739.0
2015-04-16,6.0,906.0,873.0,906.0,332.0
2015-04-19,11.0,910.0,900.0,904.0,2209.0
2015-04-20,13.0,915.0,891.0,900.0,4424.0
2015-04-21,11.0,915.0,900.0,900.0,2631.0
2015-04-22,9.0,896.0,886.0,890.0,1731.0
2015-04-23,2.0,907.0,890.0,890.0,560.0
2015-05-25,9.0,873.0,801.0,801.0,110.0
2015-05-26,37.0,816.0,784.0,788.0,4099.0
2015-05-27,10.0,790.0,765.0,765.0,3304.0
2015-05-28,10.0,778.0,740.0,770.0,2877.0
2015-05-31,15.0,840.0,785.0,820.0,2854.0
2015-06-01,16.0,873.0,820.0,849.0,2183.0
2015-06-02,12.0,855.0,817.0,825.0,4168.0
2015-06-04,22.0,897.0,860.0,879.0,11213.0
2015-06-07,15.0,896.0,870.0,890.0,2499.0
2015-06-08,17.0,918.0,895.0,910.0,3447.0
2015-06-09,21.0,946.0,915.0,920.0,3872.0
2015-06-10,18.0,920.0,895.0,915.0,4499.0
2015-06-11,12.0,932.0,890.0,900.0,1793.0
2015-06-14,6.0,890.0,882.0,883.0,364.0
2015-06-16,11.0,900.0,870.0,900.0,5060.0
2015-06-17,12.0,895.0,885.0,890.0,3852.0
2015-06-18,4.0,893.0,880.0,893.0,758.0
2015-06-21,14.0,880.0,875.0,880.0,2701.0
2015-06-22,8.0,897.0,878.0,890.0,710.0
2015-06-23,9.0,889.0,885.0,885.0,2563.0
2015-06-24,4.0,891.0,886.0,891.0,1620.0
2015-06-25,17.0,903.0,891.0,891.0,3155.0
2015-06-28,13.0,896.0,890.0,891.0,1399.0
2015-06-29,11.0,908.0,895.0,896.0,1720.0
2015-06-30,5.0,898.0,890.0,891.0,451.0
2015-07-01,7.0,912.0,896.0,900.0,1974.0
2015-07-02,6.0,899.0,891.0,895.0,2546.0
2015-07-05,11.0,900.0,895.0,900.0,2707.0
2015-07-06,22.0,903.0,890.0,901.0,8839.0
2015-07-07,10.0,902.0,890.0,902.0,5313.0
2015-07-08,16.0,905.0,895.0,895.0,5840.0
2015-07-09,10.0,900.0,890.0,893.0,2346.0
2015-07-12,5.0,894.0,890.0,890.0,520.0
2015-07-13,20.0,894.0,879.0,890.0,9353.0
2015-07-14,8.0,895.0,885.0,885.0,1926.0
2015-07-15,10.0,890.0,890.0,890.0,1800.0
2015-07-16,13.0,890.0,885.0,887.0,2715.0
2015-07-22,9.0,910.0,899.0,910.0,888.0
2015-07-23,23.0,992.0,900.0,988.0,4996.0
2015-07-26,3.0,1047.0,1007.0,1047.0,30.0
2015-07-27,172.0,1151.0,1067.0,1110.0,42756.0
2015-07-28,53.0,1122.0,1050.0,1088.0,9775.0
2015-07-29,59.0,1122.0,1067.0,1102.0,10439.0
2015-07-30,48.0,1145.0,1101.0,1130.0,17289.0
2015-08-02,46.0,1150.0,1131.0,1142.0,7405.0
2015-08-03,43.0,1144.0,1120.0,1137.0,7820.0
2015-08-04,51.0,1160.0,1124.0,1130.0,9155.0
2015-08-05,31.0,1130.0,1115.0,1130.0,4699.0
2015-08-06,57.0,1171.0,1130.0,1139.0,11276.0
2015-08-09,103.0,1215.0,1161.0,1200.0,26597.0
2015-08-10,108.0,1256.0,1180.0,1250.0,30762.0
2015-08-11,79.0,1290.0,1250.0,1257.0,18681.0
2015-08-12,97.0,1257.0,1225.0,1257.0,19602.0
2015-08-13,89.0,1277.0,1248.0,1267.0,19312.0
2015-08-16,97.0,1351.0,1260.0,1315.0,18004.0
2015-08-17,55.0,1446.0,1341.0,1446.0,14219.0
2015-08-18,66.0,1475.0,1400.0,1461.0,13436.0
2015-08-19,71.0,1525.0,1470.0,1525.0,14336.0
2015-08-20,54.0,1642.0,1550.0,1602.0,16133.0
2015-08-23,40.0,1620.0,1530.0,1590.0,7310.0
2015-08-24,20.0,1595.0,1576.0,1580.0,3584.0
2015-08-25,15.0,1575.0,1525.0,1559.0,2568.0
2015-08-26,22.0,1555.0,1536.0,1554.0,3781.0
2015-08-27,21.0,1544.0,1492.0,1492.0,4962.0
2015-08-31,22.0,1570.0,1470.0,1570.0,7363.0
2015-09-01,25.0,1565.0,1520.0,1520.0,6882.0
2015-09-02,37.0,1525.0,1503.0,1525.0,5465.0
2015-09-03,26.0,1515.0,1491.0,1515.0,8541.0
2015-09-06,36.0,1535.0,1472.0,1518.0,13866.0
2015-09-07,8.0,1530.0,1511.0,1520.0,2495.0
2015-09-08,8.0,1530.0,1500.0,1515.0,712.0
2015-09-09,17.0,1544.0,1513.0,1544.0,3664.0
2015-09-10,6.0,1525.0,1501.0,1523.0,2537.0
2015-09-13,34.0,1555.0,1520.0,1555.0,10708.0
2015-09-14,22.0,1580.0,1549.0,1550.0,3682.0
2015-09-15,23.0,1565.0,1535.0,1565.0,3539.0
2015-09-16,16.0,1575.0,1540.0,1541.0,2656.0
2015-09-17,15.0,1540.0,1525.0,1530.0,2229.0
2015-09-22,35.0,1501.0,1470.0,1480.0,8459.0
2015-09-23,21.0,1509.0,1499.0,1505.0,3646.0
2015-09-24,28.0,1510.0,1490.0,1500.0,3578.0
2015-09-28,28.0,1488.0,1410.0,1469.0,6291.0
2015-09-29,12.0,1498.0,1460.0,1488.0,941.0
2015-09-30,19.0,1520.0,1499.0,1510.0,3312.0
2015-10-01,30.0,1570.0,1511.0,1515.0,6184.0
2015-10-04,22.0,1525.0,1500.0,1520.0,6174.0
2015-10-05,22.0,1515.0,1490.0,1500.0,2989.0
2015-10-06,23.0,1501.0,1483.0,1487.0,7809.0
2015-10-07,24.0,1481.0,1460.0,1481.0,6190.0
2015-10-08,15.0,1500.0,1465.0,1500.0,1900.0
2015-10-11,16.0,1500.0,1450.0,1454.0,3199.0
2015-10-14,16.0,1432.0,1410.0,1410.0,3826.0
2015-10-15,14.0,1400.0,1360.0,1400.0,2171.0
2015-10-18,14.0,1400.0,1345.0,1345.0,1369.0
2015-10-19,26.0,1350.0,1334.0,1335.0,4551.0
2015-10-25,16.0,1340.0,1309.0,1340.0,2778.0
2015-10-27,8.0,1340.0,1280.0,1280.0,2945.0
2015-10-28,24.0,1298.0,1203.0,1298.0,4408.0
2015-10-29,18.0,1315.0,1270.0,1302.0,3633.0
2015-11-01,9.0,1290.0,1270.0,1285.0,1834.0
2015-11-02,17.0,1310.0,1281.0,1281.0,2504.0
2015-11-03,19.0,1300.0,1268.0,1300.0,3563.0
2015-11-04,24.0,1340.0,1290.0,1337.0,5045.0
2015-11-05,18.0,1340.0,1325.0,1331.0,2378.0
2015-11-08,19.0,1312.0,1305.0,1305.0,2564.0
2015-11-09,18.0,1350.0,1330.0,1350.0,1941.0
2015-11-10,14.0,1350.0,1324.0,1350.0,1646.0
2015-11-15,12.0,1375.0,1325.0,1354.0,1527.0
2015-11-16,7.0,1335.0,1320.0,1320.0,1036.0
2015-11-18,17.0,1360.0,1330.0,1339.0,3688.0
2015-11-19,14.0,1362.0,1322.0,1362.0,1179.0
2015-11-22,17.0,1340.0,1280.0,1300.0,3362.0
2015-11-23,22.0,1301.0,1240.0,1301.0,3839.0
2015-11-24,19.0,1302.0,1283.0,1300.0,5684.0
2015-11-25,28.0,1303.0,1280.0,1282.0,9201.0
2015-11-26,42.0,1270.0,1250.0,1265.0,13116.0
2015-11-30,28.0,1265.0,1220.0,1235.0,3730.0
2015-12-01,18.0,1290.0,1250.0,1290.0,2427.0
2015-12-02,28.0,1310.0,1231.0,1256.0,6739.0
2015-12-03,30.0,1305.0,1256.0,1303.0,6105.0
2015-12-06,39.0,1377.0,1310.0,1370.0,5641.0
2015-12-07,51.0,1410.0,1376.0,1398.0,8794.0
2015-12-08,52.0,1410.0,1362.0,1403.0,8751.0
2015-12-09,20.0,1431.0,1390.0,1390.0,2778.0
2015-12-10,14.0,1400.0,1383.0,1395.0,2935.0
2015-12-13,26.0,1414.0,1385.0,1400.0,4078.0
2015-12-14,19.0,1400.0,1375.0,1395.0,1936.0
2015-12-15,7.0,1390.0,1375.0,1385.0,775.0
2015-12-16,14.0,1380.0,1366.0,1368.0,2668.0
2015-12-17,16.0,1370.0,1356.0,1361.0,8197.0
2015-12-20,22.0,1497.0,1388.0,1497.0,2242.0
2015-12-21,169.0,1646.0,1526.0,1528.0,33718.0
2015-12-22,50.0,1525.0,1495.0,1500.0,6821.0
2015-12-23,42.0,1519.0,1471.0,1482.0,6938.0
2015-12-24,37.0,1495.0,1473.0,1490.0,4642.0
2015-12-27,23.0,1496.0,1471.0,1471.0,2647.0
2015-12-28,11.0,1475.0,1465.0,1465.0,1538.0
2015-12-29,24.0,1485.0,1460.0,1470.0,3986.0
2015-12-31,30.0,1495.0,1470.0,1490.0,6257.0
2016-01-03,46.0,1518.0,1490.0,1503.0,11260.0
2016-01-04,35.0,1510.0,1500.0,1500.0,7476.0
2016-01-05,13.0,1499.0,1485.0,1485.0,1924.0
2016-01-06,17.0,1506.0,1495.0,1495.0,3170.0
2016-01-07,27.0,1505.0,1495.0,1500.0,4282.0
2016-01-10,51.0,1540.0,1505.0,1535.0,12259.0
2016-01-11,55.0,1549.0,1533.0,1549.0,14291.0
2016-01-12,45.0,1566.0,1550.0,1557.0,13515.0
2016-01-13,30.0,1574.0,1560.0,1560.0,8461.0
2016-01-14,39.0,1570.0,1560.0,1565.0,9953.0
2016-01-17,53.0,1590.0,1556.0,1579.0,12155.0
2016-01-18,150.0,1620.0,1580.0,1589.0,28225.0
2016-01-19,46.0,1268.0,1226.0,1260.0,7071.0
2016-01-20,41.0,1274.0,1266.0,1270.0,14859.0
2016-01-21,42.0,1285.0,1272.0,1280.0,8781.0
2016-01-24,25.0,1280.0,1273.0,1275.0,6737.0
2016-01-25,24.0,1278.0,1268.0,1272.0,4445.0
2016-01-26,21.0,1280.0,1271.0,1273.0,3694.0
2016-01-27,6.0,1275.0,1265.0,1265.0,696.0
2016-01-28,16.0,1278.0,1260.0,1270.0,1611.0
2016-01-31,15.0,1280.0,1260.0,1270.0,1533.0
2016-02-01,32.0,1310.0,1270.0,1300.0,6243.0
2016-02-02,56.0,1341.0,1310.0,1310.0,24770.0
2016-02-03,44.0,1333.0,1310.0,1320.0,12253.0
2016-02-04,52.0,1359.0,1325.0,1350.0,18962.0
2016-02-07,113.0,1444.0,1377.0,1442.0,21177.0
2016-02-08,71.0,1480.0,1450.0,1455.0,11807.0
2016-02-11,19.0,1480.0,1435.0,1458.0,1700.0
2016-02-14,36.0,1487.0,1437.0,1440.0,8552.0
2016-02-15,24.0,1435.0,1405.0,1421.0,4761.0
2016-02-16,27.0,1430.0,1400.0,1419.0,4816.0
2016-02-17,23.0,1422.0,1400.0,1400.0,5278.0
2016-02-18,25.0,1445.0,1400.0,1440.0,3879.0
2016-02-21,19.0,1440.0,1424.0,1424.0,3172.0
2016-02-22,21.0,1425.0,1401.0,1408.0,5372.0
2016-02-23,25.0,1440.0,1401.0,1415.0,6064.0
2016-02-24,14.0,1417.0,1390.0,1417.0,4516.0
2016-02-25,30.0,1407.0,1385.0,1407.0,9129.0
2016-02-28,23.0,1410.0,1400.0,1408.0,4149.0
2016-02-29,20.0,1405.0,1390.0,1400.0,3946.0
2016-03-01,15.0,1419.0,1395.0,1408.0,2879.0
2016-03-02,4.0,1425.0,1419.0,1425.0,1231.0
2016-03-03,13.0,1415.0,1409.0,1410.0,11534.0
2016-03-06,23.0,1416.0,1405.0,1405.0,13839.0
2016-03-10,24.0,1430.0,1400.0,1420.0,6800.0
2016-03-13,19.0,1440.0,1417.0,1417.0,5477.0
2016-03-14,13.0,1439.0,1408.0,1408.0,1308.0
2016-03-15,19.0,1420.0,1403.0,1415.0,2784.0
2016-03-16,19.0,1418.0,1400.0,1409.0,2011.0
2016-03-17,17.0,1425.0,1410.0,1416.0,2839.0
2016-03-20,10.0,1440.0,1400.0,1420.0,2401.0
2016-03-21,29.0,1430.0,1400.0,1412.0,3491.0
2016-03-23,30.0,1455.0,1430.0,1440.0,8872.0
2016-03-24,60.0,1483.0,1449.0,1475.0,28457.0
2016-03-27,80.0,1560.0,1485.0,1540.0,28741.0
2016-03-28,70.0,1555.0,1500.0,1538.0,11304.0
2016-03-29,43.0,1549.0,1525.0,1532.0,6805.0
2016-03-30,23.0,1525.0,1515.0,1515.0,3636.0
2016-03-31,27.0,1522.0,1507.0,1515.0,12952.0
2016-04-03,44.0,1534.0,1490.0,1520.0,7179.0
2016-04-04,23.0,1525.0,1508.0,1516.0,2893.0
2016-04-05,30.0,1535.0,1520.0,1523.0,4459.0
2016-04-06,19.0,1525.0,1515.0,1515.0,3141.0
2016-04-10,33.0,1550.0,1520.0,1540.0,6344.0
2016-04-11,35.0,1550.0,1530.0,1543.0,6677.0
2016-04-12,40.0,1560.0,1542.0,1550.0,9402.0
2016-04-14,51.0,1600.0,1550.0,1600.0,14305.0
2016-04-17,86.0,1700.0,1600.0,1680.0,14184.0
2016-04-18,95.0,1749.0,1683.0,1735.0,17424.0
2016-04-19,83.0,1760.0,1700.0,1710.0,10645.0
2016-04-20,69.0,1735.0,1715.0,1715.0,24556.0
2016-04-21,83.0,1729.0,1710.0,1726.0,32655.0
2016-04-24,66.0,1790.0,1734.0,1780.0,14400.0
2016-04-25,44.0,1795.0,1780.0,1789.0,6540.0
2016-04-26,38.0,1800.0,1750.0,1752.0,6095.0
2016-04-27,41.0,1752.0,1735.0,1743.0,5245.0
2016-04-28,32.0,1760.0,1714.0,1760.0,9067.0
2016-05-02,50.0,1770.0,1745.0,1764.0,15781.0
2016-05-03,63.0,1780.0,1760.0,1780.0,21565.0
2016-05-04,42.0,1775.0,1746.0,1772.0,6766.0
2016-05-05,23.0,1760.0,1750.0,1753.0,5059.0
2016-05-08,28.0,1765.0,1730.0,1755.0,5333.0
2016-05-09,39.0,1771.0,1750.0,1769.0,9069.0
2016-05-10,31.0,1764.0,1745.0,1752.0,6842.0
2016-05-11,13.0,1750.0,1740.0,1741.0,1582.0
2016-05-12,14.0,1741.0,1720.0,1732.0,2274.0
2016-05-15,35.0,1740.0,1710.0,1725.0,7577.0
2016-05-16,20.0,1720.0,1710.0,1718.0,2169.0
2016-05-17,28.0,1750.0,1710.0,1740.0,7738.0
2016-05-18,35.0,1775.0,1750.0,1775.0,10721.0
2016-05-19,32.0,1790.0,1765.0,1770.0,5102.0
2016-05-22,28.0,1780.0,1770.0,1771.0,4135.0
2016-05-23,24.0,1780.0,1730.0,1760.0,5047.0
2016-05-24,42.0,1820.0,1760.0,1799.0,7639.0
2016-05-25,38.0,1825.0,1770.0,1780.0,11178.0
2016-05-26,30.0,1785.0,1745.0,1770.0,4514.0
2016-05-29,27.0,1795.0,1719.0,1765.0,5955.0
2016-05-30,21.0,1755.0,1740.0,1745.0,4680.0
2016-05-31,35.0,1750.0,1725.0,1726.0,4751.0
2016-06-01,41.0,1725.0,1690.0,1700.0,8234.0
2016-06-02,26.0,1715.0,1681.0,1715.0,5117.0
2016-06-05,49.0,1690.0,1627.0,1650.0,7015.0
2016-06-06,48.0,1710.0,1675.0,1705.0,10774.0
2016-06-07,33.0,1738.0,1700.0,1714.0,6647.0
2016-06-08,15.0,1720.0,1705.0,1710.0,1412.0
2016-06-09,33.0,1715.0,1700.0,1700.0,7230.0
2016-06-12,59.0,1785.0,1700.0,1760.0,11734.0
2016-06-13,57.0,1830.0,1760.0,1765.0,9559.0
2016-06-14,77.0,1820.0,1768.0,1768.0,10138.0
2016-06-15,45.0,1760.0,1735.0,1745.0,6164.0
2016-06-16,45.0,1752.0,1725.0,1740.0,12140.0
2016-06-19,54.0,1740.0,1700.0,1720.0,20040.0
2016-06-20,33.0,1740.0,1700.0,1720.0,7046.0
2016-06-21,49.0,1740.0,1700.0,1740.0,14440.0
2016-06-22,51.0,1794.0,1725.0,1745.0,9562.0
2016-06-23,75.0,1799.0,1740.0,1790.0,17920.0
2016-06-26,146.0,1945.0,1790.0,1889.0,29337.0
2016-06-27,200.0,1980.0,1920.0,1975.0,44240.0
2016-06-28,208.0,2020.0,1960.0,1985.0,38175.0
2016-06-29,117.0,2000.0,1985.0,1996.0,21175.0
2016-06-30,81.0,1988.0,1955.0,1960.0,10623.0
2016-07-03,66.0,1960.0,1930.0,1930.0,19794.0
2016-07-04,56.0,1948.0,1901.0,1909.0,8161.0
2016-07-05,47.0,1945.0,1901.0,1932.0,15071.0
2016-07-06,51.0,1950.0,1935.0,1946.0,5711.0
2016-07-10,59.0,1960.0,1933.0,1940.0,8757.0
2016-07-11,39.0,1961.0,1890.0,1912.0,6931.0
2016-07-12,58.0,1960.0,1827.0,1899.0,8921.0
2016-07-13,53.0,1900.0,1842.0,1850.0,8697.0
2016-07-14,55.0,1947.0,1815.0,1875.0,9874.0
2016-07-17,56.0,1975.0,1885.0,1955.0,11272.0
2016-07-18,65.0,1990.0,1964.0,1985.0,8012.0
2016-07-19,122.0,2040.0,1975.0,2010.0,19390.0
2016-07-20,56.0,2022.0,1960.0,1960.0,11057.0
2016-07-21,40.0,1985.0,1950.0,1975.0,8581.0
2016-07-25,83.0,2040.0,1980.0,2040.0,16032.0
2016-07-26,71.0,2121.0,2020.0,2070.0,17099.0
2016-07-27,111.0,2104.0,2040.0,2088.0,28455.0
2016-07-28,81.0,2100.0,2047.0,2085.0,16386.0
2016-07-31,69.0,2152.0,1965.0,2078.0,11375.0
2016-08-01,47.0,2140.0,2045.0,2061.0,7593.0
2016-08-02,51.0,2060.0,2015.0,2029.0,7759.0
2016-08-03,61.0,2060.0,1970.0,2000.0,8765.0
2016-08-04,63.0,1990.0,1882.0,1930.0,10944.0
2016-08-07,88.0,1975.0,1887.0,1930.0,15395.0
2016-08-08,41.0,1900.0,1807.0,1807.0,6030.0
2016-08-09,2.0,1879.0,1843.0,1879.0,436.0
2016-08-10,82.0,1960.0,1872.0,1955.0,13238.0
2016-08-11,36.0,1975.0,1920.0,1930.0,3638.0
2016-08-14,43.0,1929.0,1817.0,1875.0,5068.0
2016-08-15,96.0,1838.0,1786.0,1800.0,12661.0
2016-08-16,84.0,1847.0,1740.0,1847.0,14378.0
2016-08-17,51.0,1860.0,1812.0,1855.0,6861.0
2016-08-21,27.0,1892.0,1813.0,1830.0,3680.0
2016-08-22,32.0,1823.0,1700.0,1700.0,3075.0
2016-08-23,68.0,1810.0,1700.0,1750.0,12073.0
2016-08-24,63.0,1850.0,1730.0,1845.0,8872.0
2016-08-28,51.0,1890.0,1843.0,1850.0,8091.0
2016-08-29,45.0,1895.0,1840.0,1888.0,7211.0
2016-08-30,37.0,1940.0,1900.0,1901.0,8429.0
2016-08-31,22.0,1925.0,1915.0,1922.0,2234.0
2016-09-01,26.0,1950.0,1920.0,1940.0,2660.0
2016-09-04,42.0,2018.0,1902.0,1985.0,8142.0
2016-09-05,70.0,2015.0,1990.0,2015.0,11041.0
2016-09-06,51.0,2050.0,1950.0,2000.0,10564.0
2016-09-07,41.0,1993.0,1951.0,1975.0,7168.0
2016-09-08,43.0,1990.0,1960.0,1960.0,7506.0
2016-09-11,44.0,1948.0,1910.0,1945.0,9935.0
2016-09-12,17.0,1940.0,1921.0,1927.0,3122.0
2016-09-14,38.0,1950.0,1920.0,1933.0,9874.0
2016-09-18,39.0,1920.0,1892.0,1907.0,8483.0
2016-09-20,43.0,1893.0,1870.0,1872.0,6645.0
2016-09-21,29.0,1900.0,1836.0,1880.0,3461.0
2016-09-22,36.0,1895.0,1870.0,1870.0,5406.0
2016-09-25,34.0,1845.0,1805.0,1831.0,5549.0
2016-09-26,25.0,1880.0,1840.0,1859.0,5182.0
2016-09-27,33.0,1872.0,1822.0,1846.0,4425.0
2016-09-28,19.0,1879.0,1850.0,1872.0,3514.0
2016-09-29,53.0,1940.0,1873.0,1940.0,12873.0
2016-10-02,43.0,1978.0,1926.0,1978.0,8502.0
2016-10-03,29.0,1985.0,1926.0,1939.0,7271.0
2016-10-04,108.0,2055.0,1921.0,1930.0,16130.0
2016-10-05,37.0,1925.0,1889.0,1920.0,7147.0
2016-10-06,45.0,1955.0,1917.0,1935.0,13260.0
2016-10-16,16.0,1935.0,1905.0,1935.0,3530.0
2016-10-17,34.0,1935.0,1883.0,1883.0,9293.0
2016-10-18,16.0,1900.0,1875.0,1881.0,1940.0
2016-10-19,17.0,1895.0,1870.0,1885.0,2861.0
2016-10-20,32.0,1899.0,1874.0,1889.0,5892.0
2016-10-23,32.0,1890.0,1868.0,1868.0,4805.0
2016-10-24,35.0,1868.0,1815.0,1855.0,5605.0
2016-10-25,38.0,1845.0,1780.0,1780.0,6585.0
2016-10-26,28.0,1795.0,1745.0,1785.0,5053.0
2016-10-27,22.0,1795.0,1760.0,1790.0,3041.0
2016-11-03,21.0,1794.0,1760.0,1776.0,1992.0
2016-11-07,27.0,1775.0,1728.0,1728.0,2780.0
2016-11-08,50.0,1730.0,1700.0,1709.0,6685.0
2016-11-09,36.0,1702.0,1617.0,1690.0,4740.0
2016-11-10,36.0,1720.0,1670.0,1694.0,5180.0
2016-11-13,46.0,1690.0,1675.0,1690.0,9059.0
2016-11-14,31.0,1690.0,1664.0,1670.0,4789.0
2016-11-15,30.0,1680.0,1658.0,1665.0,3340.0
2016-11-16,41.0,1665.0,1640.0,1660.0,17686.0
2016-11-17,66.0,1650.0,1590.0,1595.0,10512.0
2016-11-20,92.0,1573.0,1480.0,1492.0,12340.0
2016-11-21,81.0,1520.0,1460.0,1505.0,14519.0
2016-11-22,64.0,1518.0,1480.0,1498.0,9731.0
2016-11-23,75.0,1498.0,1444.0,1449.0,10230.0
2016-11-24,85.0,1485.0,1420.0,1445.0,13308.0
2016-11-27,59.0,1450.0,1399.0,1407.0,11795.0
2016-11-28,58.0,1456.0,1335.0,1445.0,10612.0
2016-11-29,174.0,1570.0,1400.0,1556.0,26370.0
2016-11-30,179.0,1695.0,1587.0,1695.0,20896.0
2016-12-01,117.0,1715.0,1647.0,1667.0,11945.0
2016-12-04,89.0,1650.0,1590.0,1605.0,10623.0
2016-12-05,83.0,1620.0,1545.0,1545.0,16070.0
2016-12-06,44.0,1560.0,1510.0,1551.0,6234.0
2016-12-07,29.0,1560.0,1540.0,1550.0,3324.0
2016-12-08,29.0,1565.0,1535.0,1550.0,2973.0
2016-12-11,31.0,1545.0,1514.0,1520.0,4128.0
2016-12-12,51.0,1520.0,1470.0,1490.0,6883.0
2016-12-14,47.0,1505.0,1454.0,1476.0,4715.0
2016-12-15,51.0,1503.0,1476.0,1476.0,7494.0
2016-12-18,52.0,1499.0,1455.0,1499.0,7529.0
2016-12-19,36.0,1500.0,1470.0,1472.0,12742.0
2016-12-20,30.0,1490.0,1460.0,1460.0,2097.0
2016-12-21,51.0,1460.0,1410.0,1439.0,6675.0
2016-12-22,50.0,1460.0,1431.0,1440.0,10068.0
2016-12-26,52.0,1430.0,1400.0,1400.0,5378.0
2016-12-27,45.0,1388.0,1333.0,1388.0,6894.0
2016-12-28,43.0,1384.0,1357.0,1360.0,4767.0
2016-12-29,51.0,1420.0,1382.0,1410.0,4835.0
2017-01-01,28.0,1475.0,1430.0,1456.0,2371.0
2017-01-02,46.0,1499.0,1456.0,1475.0,5186.0
2017-01-03,62.0,1463.0,1415.0,1420.0,6604.0
2017-01-04,46.0,1411.0,1387.0,1400.0,8605.0
2017-01-05,33.0,1428.0,1400.0,1425.0,4516.0
2017-01-08,29.0,1410.0,1396.0,1400.0,3164.0
2017-01-09,21.0,1428.0,1400.0,1410.0,2087.0
2017-01-10,18.0,1423.0,1410.0,1423.0,4500.0
2017-01-11,21.0,1425.0,1400.0,1415.0,3231.0
2017-01-12,15.0,1439.0,1415.0,1418.0,1329.0
2017-01-15,16.0,1416.0,1400.0,1412.0,4407.0
2017-01-16,14.0,1410.0,1400.0,1410.0,1359.0
2017-01-17,16.0,1430.0,1410.0,1416.0,1364.0
2017-01-18,10.0,1425.0,1410.0,1421.0,1128.0
2017-01-19,104.0,1466.0,1430.0,1466.0,11349.0
2017-01-22,122.0,1560.0,1495.0,1535.0,12004.0
2017-01-23,72.0,1550.0,1510.0,1520.0,6881.0
2017-01-24,97.0,1510.0,1480.0,1484.0,10321.0
2017-01-25,67.0,1472.0,1435.0,1445.0,5305.0
2017-01-26,52.0,1440.0,1364.0,1425.0,5966.0
2017-01-30,105.0,1430.0,1348.0,1350.0,10746.0
2017-01-31,48.0,1400.0,1325.0,1370.0,7661.0
2017-02-01,63.0,1455.0,1390.0,1455.0,7631.0
2017-02-02,274.0,1515.0,1433.0,1433.0,28356.0
2017-02-05,52.0,1100.0,1065.0,1075.0,5457.0
2017-02-06,39.0,1090.0,1065.0,1075.0,1935.0
2017-02-07,58.0,1083.0,1070.0,1070.0,6084.0
2017-02-08,64.0,1110.0,1052.0,1060.0,5560.0
2017-02-09,61.0,1060.0,1005.0,1020.0,3594.0
2017-02-12,108.0,1005.0,971.0,980.0,9783.0
2017-02-13,96.0,1025.0,932.0,1025.0,11808.0
2017-02-14,96.0,1006.0,981.0,998.0,9717.0
2017-02-15,70.0,1015.0,995.0,1014.0,8055.0
2017-02-16,91.0,1059.0,1010.0,1045.0,7796.0
2017-02-19,100.0,1060.0,1030.0,1051.0,8779.0
2017-02-20,86.0,1071.0,1029.0,1029.0,8895.0
2017-02-21,73.0,1070.0,1020.0,1054.0,7011.0
2017-02-22,34.0,1049.0,1000.0,1043.0,3290.0
2017-02-23,49.0,1051.0,1013.0,1013.0,3206.0
2017-02-26,43.0,1025.0,1000.0,1015.0,3686.0
2017-02-28,36.0,1019.0,998.0,1010.0,3096.0
2017-03-01,20.0,1019.0,1010.0,1010.0,1950.0
2017-03-02,10.0,1029.0,1010.0,1029.0,1059.0
2017-03-05,20.0,1052.0,1035.0,1045.0,1573.0
2017-03-06,39.0,1060.0,1045.0,1055.0,3194.0
2017-03-07,16.0,1058.0,1037.0,1055.0,2176.0
2017-03-09,28.0,1060.0,1050.0,1050.0,4562.0
2017-03-13,7.0,1072.0,1051.0,1072.0,1442.0
2017-03-14,8.0,1070.0,1056.0,1056.0,560.0
2017-03-15,9.0,1070.0,1052.0,1070.0,680.0
2017-03-16,10.0,1071.0,1050.0,1071.0,534.0
2017-03-19,21.0,1080.0,1065.0,1080.0,2646.0
2017-03-20,23.0,1100.0,1086.0,1095.0,2583.0
2017-03-21,57.0,1204.0,1091.0,1200.0,5241.0
2017-03-22,171.0,1320.0,1224.0,1295.0,22724.0
2017-03-23,103.0,1325.0,1268.0,1300.0,11279.0
2017-03-26,57.0,1380.0,1320.0,1365.0,7100.0
2017-03-28,43.0,1475.0,1392.0,1435.0,5631.0
2017-03-29,87.0,1460.0,1358.0,1386.0,11145.0
2017-03-30,41.0,1390.0,1350.0,1380.0,4331.0
2017-04-02,25.0,1430.0,1385.0,1430.0,4010.0
2017-04-03,67.0,1500.0,1380.0,1400.0,13581.0
2017-04-04,66.0,1410.0,1385.0,1395.0,7708.0
2017-04-06,31.0,1390.0,1370.0,1380.0,2526.0
2017-04-09,46.0,1425.0,1375.0,1425.0,5781.0
2017-04-10,30.0,1419.0,1382.0,1415.0,2855.0
2017-04-11,85.0,1470.0,1425.0,1469.0,16011.0
2017-04-12,80.0,1500.0,1455.0,1455.0,11039.0
2017-04-13,48.0,1480.0,1401.0,1450.0,7202.0
2017-04-16,50.0,1440.0,1404.0,1405.0,5914.0
2017-04-18,54.0,1390.0,1350.0,1360.0,6560.0
2017-04-19,47.0,1433.0,1349.0,1417.0,5444.0
2017-04-20,71.0,1473.0,1406.0,1430.0,10047.0
2017-04-23,67.0,1495.0,1440.0,1446.0,11293.0
2017-04-24,37.0,1470.0,1440.0,1440.0,4176.0
2017-04-25,117.0,1480.0,1415.0,1474.0,18710.0
2017-04-26,71.0,1488.0,1427.0,1464.0,6795.0
2017-04-27,59.0,1475.0,1422.0,1450.0,7893.0
2017-04-30,58.0,1440.0,1401.0,1435.0,4648.0
2017-05-02,242.0,1481.0,1440.0,1465.0,23629.0
2017-05-03,229.0,1510.0,1456.0,1460.0,24286.0
2017-05-04,306.0,1478.0,1450.0,1450.0,32852.0
2017-05-07,371.0,1460.0,1396.0,1400.0,43900.0
2017-05-08,505.0,1420.0,1390.0,1400.0,60255.0
2017-05-09,193.0,1088.0,1045.0,1059.0,17148.0
2017-05-11,117.0,1080.0,1055.0,1062.0,10588.0
2017-05-15,55.0,1103.0,1060.0,1065.0,5328.0
2017-05-16,56.0,1070.0,1057.0,1060.0,5118.0
2017-05-17,66.0,1077.0,1050.0,1050.0,5775.0
2017-05-18,45.0,1055.0,1029.0,1035.0,4272.0
2017-05-21,64.0,1030.0,1005.0,1007.0,5302.0
2017-05-22,61.0,1010.0,970.0,977.0,5004.0
2017-06-01,55.0,1000.0,989.0,996.0,5211.0
2017-06-04,56.0,997.0,970.0,975.0,7730.0
2017-06-05,70.0,987.0,972.0,984.0,8620.0
2017-06-06,70.0,1003.0,970.0,992.0,7868.0
2017-06-07,102.0,1021.0,990.0,990.0,9880.0
2017-06-08,35.0,996.0,976.0,990.0,3751.0
2017-06-11,110.0,985.0,966.0,970.0,12759.0
2017-06-12,55.0,984.0,960.0,975.0,4633.0
2017-06-13,69.0,985.0,965.0,965.0,6588.0
2017-06-14,50.0,971.0,962.0,966.0,3510.0
2017-06-15,56.0,980.0,960.0,969.0,6806.0
2017-06-18,46.0,972.0,957.0,962.0,7908.0
2017-06-19,85.0,962.0,928.0,928.0,6978.0
2017-06-20,69.0,934.0,915.0,929.0,9329.0
2017-06-21,38.0,938.0,924.0,930.0,4037.0
2017-06-22,48.0,933.0,925.0,925.0,7637.0
2017-06-25,84.0,940.0,927.0,932.0,11558.0
2017-06-27,66.0,940.0,927.0,930.0,6916.0
2017-06-28,18.0,935.0,925.0,925.0,3055.0
2017-07-02,42.0,918.0,908.0,908.0,3502.0
2017-07-03,14.0,930.0,912.0,921.0,1147.0
2017-07-04,33.0,926.0,911.0,915.0,3304.0
2017-07-05,58.0,918.0,905.0,914.0,6555.0
2017-07-06,52.0,925.0,915.0,924.0,5027.0
2017-07-09,66.0,945.0,910.0,910.0,9037.0
2017-07-10,45.0,928.0,912.0,920.0,4317.0
2017-07-11,48.0,928.0,919.0,920.0,6035.0
2017-07-12,30.0,935.0,920.0,920.0,2885.0
2017-07-13,44.0,934.0,921.0,925.0,3508.0
2017-07-16,45.0,925.0,915.0,924.0,9987.0
2017-07-17,51.0,941.0,922.0,941.0,5888.0
2017-07-18,59.0,965.0,940.0,946.0,5464.0
2017-07-19,61.0,955.0,940.0,949.0,4996.0
2017-07-20,29.0,953.0,940.0,950.0,6889.0
2017-07-23,32.0,950.0,936.0,948.0,10654.0
2017-07-24,35.0,949.0,930.0,940.0,6695.0
2017-07-25,40.0,947.0,938.0,943.0,4268.0
2017-07-26,14.0,940.0,927.0,930.0,1412.0
2017-07-27,51.0,930.0,912.0,929.0,6927.0
2017-07-30,39.0,935.0,914.0,914.0,4944.0
2017-07-31,45.0,943.0,924.0,936.0,7506.0
2017-08-01,45.0,950.0,920.0,930.0,4008.0
2017-08-02,22.0,940.0,918.0,930.0,3269.0
2017-08-03,54.0,950.0,935.0,940.0,6365.0
2017-08-06,55.0,963.0,941.0,943.0,7644.0
2017-08-07,28.0,945.0,937.0,940.0,1901.0
2017-08-09,43.0,943.0,930.0,935.0,3027.0
2017-08-10,47.0,943.0,925.0,928.0,5714.0
2017-08-13,28.0,925.0,919.0,920.0,2422.0
2017-08-15,60.0,938.0,900.0,909.0,7987.0
2017-08-16,53.0,920.0,901.0,914.0,7244.0
2017-08-17,35.0,918.0,910.0,915.0,5595.0
2017-08-20,50.0,915.0,900.0,909.0,5742.0
2017-08-21,40.0,910.0,900.0,907.0,6817.0
2017-08-22,71.0,907.0,896.0,904.0,11446.0
2017-08-23,55.0,905.0,895.0,897.0,6688.0
2017-08-24,55.0,900.0,895.0,895.0,6710.0
2017-08-27,43.0,905.0,895.0,895.0,7432.0
2017-08-28,74.0,910.0,880.0,888.0,11180.0
2017-08-30,71.0,883.0,870.0,874.0,7250.0
2017-08-31,78.0,875.0,865.0,865.0,15627.0
2017-09-04,87.0,864.0,842.0,846.0,9138.0
2017-09-06,65.0,856.0,842.0,846.0,8696.0
2017-09-07,59.0,855.0,837.0,841.0,8351.0
2017-09-10,98.0,834.0,808.0,810.0,15664.0
2017-09-11,73.0,815.0,796.0,806.0,12685.0
2017-09-12,85.0,805.0,790.0,798.0,11237.0
2017-09-13,89.0,799.0,765.0,779.0,9664.0
2017-09-14,64.0,800.0,775.0,796.0,6414.0
2017-09-17,83.0,825.0,807.0,817.0,7552.0
2017-09-18,66.0,862.0,822.0,841.0,7521.0
2017-09-20,55.0,850.0,838.0,845.0,5765.0
2017-09-24,36.0,845.0,835.0,841.0,2546.0
2017-09-25,23.0,845.0,836.0,840.0,2990.0
2017-09-26,23.0,854.0,847.0,854.0,2505.0
2017-10-03,7.0,850.0,840.0,850.0,195.0
2017-10-04,22.0,852.0,834.0,840.0,1401.0
2017-10-08,66.0,830.0,790.0,806.0,6919.0
2017-10-09,41.0,810.0,799.0,805.0,5741.0
2017-10-10,49.0,810.0,796.0,800.0,6216.0
2017-10-11,37.0,816.0,800.0,806.0,4328.0
2017-10-12,51.0,815.0,800.0,801.0,6517.0
2017-10-15,39.0,809.0,800.0,800.0,4322.0
2017-10-16,75.0,830.0,800.0,830.0,13433.0
2017-10-17,49.0,840.0,816.0,830.0,7141.0
2017-10-18,39.0,828.0,817.0,822.0,4403.0
2017-10-22,18.0,835.0,815.0,815.0,2880.0
2017-10-23,28.0,820.0,813.0,820.0,3519.0
2017-10-24,27.0,818.0,812.0,815.0,2011.0
2017-10-25,35.0,814.0,807.0,810.0,14991.0
2017-10-29,70.0,800.0,785.0,800.0,7009.0
2017-10-30,59.0,800.0,791.0,797.0,5269.0
2017-10-31,47.0,800.0,792.0,799.0,3487.0
2017-11-01,52.0,791.0,780.0,780.0,4295.0
2017-11-02,73.0,780.0,770.0,775.0,5501.0
2017-11-05,58.0,779.0,762.0,766.0,6160.0
2017-11-06,62.0,779.0,760.0,770.0,7515.0
2017-11-07,64.0,775.0,760.0,760.0,7496.0
2017-11-08,66.0,759.0,740.0,749.0,13146.0
2017-11-09,66.0,748.0,730.0,740.0,7909.0
2017-11-12,41.0,747.0,740.0,745.0,2717.0
2017-11-13,57.0,760.0,741.0,745.0,5324.0
2017-11-14,70.0,768.0,750.0,760.0,5559.0
2017-11-15,95.0,775.0,739.0,739.0,14132.0
2017-11-16,68.0,747.0,739.0,740.0,9428.0
2017-11-19,65.0,741.0,721.0,730.0,7396.0
2017-11-20,31.0,731.0,723.0,731.0,4597.0
2017-11-21,33.0,743.0,726.0,732.0,2180.0
2017-11-22,33.0,742.0,735.0,738.0,2217.0
2017-11-23,38.0,754.0,732.0,745.0,3878.0
2017-11-26,27.0,759.0,749.0,750.0,2352.0
2017-11-27,59.0,753.0,745.0,750.0,6728.0
2017-11-28,20.0,758.0,751.0,756.0,1401.0
2017-11-29,67.0,763.0,749.0,750.0,11857.0
2017-11-30,60.0,753.0,743.0,747.0,7450.0
2017-12-04,68.0,750.0,730.0,736.0,13833.0
2017-12-05,51.0,740.0,730.0,735.0,10016.0
2017-12-06,54.0,755.0,746.0,746.0,6571.0
2017-12-10,90.0,775.0,745.0,753.0,9441.0
2017-12-11,71.0,755.0,735.0,738.0,8931.0
2017-12-12,119.0,742.0,728.0,730.0,18243.0
2017-12-13,60.0,745.0,721.0,742.0,8777.0
2017-12-14,192.0,747.0,739.0,745.0,22361.0
2017-12-17,60.0,641.0,620.0,627.0,6792.0
2017-12-18,46.0,626.0,620.0,620.0,6137.0
2017-12-19,55.0,620.0,610.0,616.0,6738.0
2017-12-20,43.0,615.0,605.0,610.0,4289.0
2017-12-21,42.0,610.0,606.0,609.0,4407.0
2017-12-24,44.0,616.0,605.0,605.0,6506.0
2017-12-26,77.0,610.0,599.0,600.0,9074.0
2017-12-27,84.0,598.0,587.0,591.0,11371.0
2017-12-28,74.0,595.0,587.0,590.0,9409.0
2017-12-31,31.0,597.0,585.0,587.0,2746.0
2018-01-01,70.0,613.0,591.0,613.0,9663.0
2018-01-02,111.0,620.0,606.0,610.0,12351.0
2018-01-03,77.0,611.0,595.0,600.0,8889.0
2018-01-04,67.0,612.0,597.0,599.0,6853.0
2018-01-07,48.0,603.0,598.0,599.0,6993.0
2018-01-08,83.0,605.0,600.0,602.0,12622.0
2018-01-09,82.0,605.0,600.0,600.0,8914.0
2018-01-10,82.0,608.0,595.0,599.0,12713.0
2018-01-14,50.0,600.0,588.0,595.0,5927.0
2018-01-16,47.0,597.0,592.0,594.0,4659.0
2018-01-17,31.0,596.0,589.0,591.0,3443.0
2018-01-21,36.0,599.0,590.0,592.0,4218.0
2018-01-22,16.0,599.0,590.0,594.0,1462.0
2018-01-23,42.0,591.0,588.0,589.0,3915.0
2018-01-24,30.0,590.0,578.0,587.0,3331.0
2018-01-25,28.0,594.0,588.0,592.0,2139.0
2018-01-28,54.0,600.0,593.0,595.0,6477.0
2018-01-29,34.0,597.0,590.0,595.0,5011.0
2018-01-31,34.0,600.0,594.0,594.0,4522.0
2018-02-01,49.0,600.0,593.0,594.0,6823.0
2018-02-04,42.0,600.0,592.0,595.0,4455.0
2018-02-05,55.0,599.0,591.0,591.0,7677.0
2018-02-06,31.0,593.0,585.0,591.0,2890.0
2018-02-07,29.0,597.0,586.0,589.0,4143.0
2018-02-08,33.0,590.0,586.0,590.0,4368.0
2018-02-11,30.0,595.0,584.0,593.0,5252.0
2018-02-12,30.0,592.0,586.0,587.0,3354.0
2018-02-14,23.0,592.0,584.0,590.0,1745.0
2018-02-15,74.0,603.0,590.0,600.0,17368.0
2018-02-18,73.0,610.0,594.0,594.0,10335.0
2018-02-20,10.0,597.0,586.0,591.0,932.0
2018-02-21,24.0,593.0,586.0,587.0,3425.0
2018-02-22,16.0,590.0,585.0,588.0,2644.0
2018-02-25,65.0,588.0,570.0,570.0,8489.0
2018-02-26,37.0,571.0,566.0,570.0,5312.0
2018-02-27,33.0,574.0,565.0,570.0,3605.0
2018-02-28,39.0,570.0,563.0,563.0,4724.0
2018-03-04,52.0,555.0,535.0,548.0,5199.0
2018-03-05,41.0,558.0,548.0,553.0,3838.0
2018-03-06,45.0,560.0,543.0,557.0,8155.0
2018-03-07,36.0,571.0,562.0,569.0,2913.0
2018-03-11,45.0,570.0,555.0,555.0,3105.0
2018-03-12,69.0,566.0,549.0,549.0,9156.0
2018-03-13,26.0,559.0,549.0,555.0,4984.0
2018-03-14,23.0,562.0,555.0,562.0,2480.0
2018-03-15,14.0,563.0,559.0,562.0,990.0
2018-03-18,24.0,564.0,553.0,554.0,1374.0
2018-03-19,22.0,559.0,552.0,558.0,1801.0
2018-03-20,37.0,551.0,538.0,550.0,1806.0
2018-03-21,45.0,541.0,528.0,530.0,4008.0
2018-03-22,58.0,545.0,520.0,545.0,11413.0
2018-03-26,63.0,535.0,515.0,516.0,6781.0
2018-03-27,53.0,530.0,495.0,530.0,6144.0
2018-03-28,44.0,550.0,525.0,535.0,4190.0
2018-03-29,39.0,545.0,535.0,541.0,4411.0
2018-04-01,38.0,535.0,522.0,534.0,3279.0
2018-04-02,34.0,531.0,524.0,524.0,2933.0
2018-04-03,54.0,524.0,516.0,521.0,8921.0
2018-04-04,73.0,526.0,520.0,521.0,16799.0
2018-04-05,98.0,531.0,525.0,527.0,24821.0
2018-04-08,79.0,549.0,530.0,547.0,16540.0
2018-04-09,114.0,560.0,544.0,552.0,19602.0
2018-04-10,49.0,563.0,546.0,546.0,8153.0
2018-04-11,23.0,549.0,540.0,549.0,2343.0
2018-04-12,47.0,555.0,543.0,550.0,8075.0
2018-04-15,34.0,550.0,545.0,549.0,3558.0
2018-04-16,39.0,560.0,550.0,556.0,2938.0
2018-04-17,38.0,564.0,556.0,563.0,5143.0
2018-04-18,45.0,595.0,561.0,574.0,6019.0
2018-04-19,83.0,596.0,575.0,585.0,9519.0
2018-04-22,76.0,615.0,596.0,615.0,9916.0
2018-04-23,118.0,634.0,603.0,615.0,16081.0
2018-04-24,64.0,615.0,597.0,597.0,7520.0
2018-04-25,34.0,610.0,584.0,592.0,3354.0
2018-04-26,52.0,605.0,565.0,565.0,8532.0
2018-04-29,37.0,575.0,560.0,568.0,3428.0
2018-05-02,39.0,575.0,560.0,575.0,2691.0
2018-05-03,47.0,584.0,569.0,569.0,5253.0
2018-05-06,42.0,565.0,556.0,559.0,3731.0
2018-05-07,49.0,571.0,554.0,561.0,3272.0
2018-05-08,45.0,563.0,557.0,563.0,5829.0
2018-05-09,23.0,570.0,560.0,560.0,2979.0
2018-05-10,25.0,562.0,549.0,560.0,3337.0
2018-05-14,46.0,560.0,550.0,550.0,4139.0
2018-05-15,17.0,553.0,545.0,550.0,1322.0
2018-05-16,28.0,561.0,541.0,550.0,2475.0
2018-05-17,20.0,561.0,548.0,548.0,1811.0
2018-05-20,23.0,557.0,543.0,546.0,1349.0
2018-05-21,31.0,546.0,531.0,539.0,3809.0
2018-05-22,48.0,540.0,530.0,533.0,7107.0
2018-05-23,17.0,541.0,534.0,534.0,2506.0
2018-05-24,43.0,534.0,528.0,531.0,6110.0
2018-05-27,52.0,528.0,517.0,520.0,10634.0
2018-05-28,53.0,538.0,515.0,533.0,12777.0
2018-05-29,45.0,540.0,525.0,530.0,7640.0
2018-05-30,22.0,540.0,530.0,530.0,5180.0
2018-05-31,17.0,530.0,525.0,525.0,1320.0
2018-06-03,51.0,529.0,511.0,513.0,6585.0
2018-06-04,41.0,515.0,503.0,513.0,3852.0
2018-06-06,16.0,529.0,515.0,515.0,3425.0
2018-06-07,65.0,525.0,505.0,512.0,5920.0
2018-06-10,66.0,505.0,496.0,501.0,7146.0
2018-06-11,41.0,510.0,496.0,505.0,10916.0
2018-06-12,24.0,510.0,500.0,501.0,3331.0
2018-06-13,19.0,509.0,502.0,509.0,3128.0
2018-06-14,24.0,517.0,510.0,515.0,1741.0
2018-06-17,25.0,515.0,500.0,502.0,6523.0
2018-06-18,13.0,505.0,495.0,505.0,1256.0
2018-06-19,27.0,504.0,499.0,500.0,2623.0
2018-06-20,20.0,502.0,500.0,501.0,2099.0
2018-06-21,27.0,508.0,498.0,503.0,2481.0
2018-06-24,20.0,508.0,500.0,500.0,3080.0
2018-06-25,27.0,500.0,496.0,500.0,13038.0
2018-06-26,36.0,502.0,498.0,498.0,9219.0
2018-06-27,36.0,500.0,493.0,496.0,2875.0
2018-06-28,38.0,500.0,496.0,497.0,4954.0
2018-07-01,25.0,499.0,490.0,497.0,10468.0
2018-07-02,27.0,495.0,487.0,487.0,1913.0
2018-07-03,23.0,495.0,487.0,490.0,2266.0
2018-07-04,49.0,495.0,481.0,495.0,6466.0
2018-07-05,38.0,507.0,490.0,507.0,4818.0
2018-07-08,49.0,522.0,505.0,514.0,3283.0
2018-07-09,28.0,508.0,497.0,501.0,1983.0
2018-07-10,24.0,504.0,500.0,501.0,2073.0
2018-07-11,10.0,503.0,500.0,503.0,1275.0
2018-07-12,43.0,510.0,490.0,495.0,6053.0
2018-07-15,22.0,502.0,495.0,499.0,1109.0
2018-07-16,9.0,499.0,498.0,499.0,712.0
2018-07-17,15.0,500.0,490.0,494.0,2146.0
2018-07-18,15.0,503.0,496.0,500.0,699.0
2018-07-19,26.0,501.0,495.0,498.0,2531.0
2018-07-22,11.0,502.0,495.0,496.0,668.0
2018-07-23,20.0,505.0,495.0,496.0,1610.0
2018-07-24,31.0,507.0,502.0,505.0,5989.0
2018-07-25,10.0,505.0,501.0,502.0,1239.0
2018-07-26,22.0,504.0,496.0,500.0,4251.0
2018-07-29,19.0,505.0,500.0,504.0,2182.0
2018-07-30,24.0,506.0,500.0,504.0,6875.0
2018-07-31,22.0,505.0,502.0,502.0,3497.0
2018-08-01,12.0,505.0,502.0,505.0,3124.0
2018-08-02,12.0,505.0,500.0,502.0,1337.0
2018-08-05,24.0,504.0,497.0,503.0,1980.0
2018-08-06,24.0,505.0,501.0,505.0,4282.0
2018-08-07,26.0,515.0,495.0,498.0,3583.0
2018-08-08,17.0,505.0,498.0,500.0,1625.0
2018-08-09,31.0,500.0,495.0,496.0,3166.0
2018-08-12,21.0,496.0,490.0,493.0,1318.0
2018-08-13,26.0,498.0,495.0,496.0,4599.0
2018-08-14,19.0,500.0,496.0,499.0,3259.0
2018-08-15,22.0,508.0,497.0,504.0,3945.0
2018-08-16,26.0,512.0,505.0,505.0,1571.0
2018-08-19,31.0,510.0,500.0,509.0,4584.0
2018-08-20,25.0,505.0,495.0,500.0,3444.0
2018-08-21,26.0,499.0,494.0,495.0,5245.0
2018-08-22,19.0,495.0,495.0,495.0,3281.0
2018-08-23,22.0,496.0,494.0,495.0,6645.0
2018-08-26,9.0,497.0,494.0,497.0,959.0
2018-08-28,24.0,500.0,492.0,495.0,1935.0
2018-08-29,15.0,500.0,490.0,497.0,4269.0
2018-08-30,22.0,496.0,489.0,493.0,2756.0
2018-09-02,42.0,502.0,492.0,495.0,5513.0
2018-09-03,35.0,502.0,498.0,498.0,3296.0
2018-09-04,37.0,502.0,495.0,499.0,6779.0
2018-09-05,50.0,512.0,495.0,510.0,10859.0
2018-09-06,56.0,516.0,500.0,507.0,9496.0
2018-09-09,26.0,505.0,499.0,500.0,4317.0
2018-09-10,28.0,499.0,495.0,496.0,6427.0
2018-09-11,24.0,500.0,496.0,498.0,8302.0
2018-09-12,27.0,501.0,495.0,501.0,9703.0
2018-09-13,32.0,502.0,497.0,502.0,11759.0
2018-09-16,65.0,518.0,505.0,510.0,13288.0
2018-09-17,31.0,510.0,505.0,506.0,8967.0
2018-09-18,25.0,510.0,496.0,507.0,4763.0
2018-09-20,34.0,506.0,500.0,501.0,4445.0
2018-09-23,42.0,503.0,497.0,500.0,7403.0
2018-09-25,38.0,512.0,505.0,511.0,9270.0
2018-09-26,37.0,514.0,505.0,507.0,4135.0
2018-09-27,36.0,507.0,500.0,500.0,9225.0
2018-09-30,28.0,508.0,498.0,498.0,2981.0
2018-10-01,55.0,498.0,490.0,490.0,9199.0
2018-10-02,38.0,499.0,489.0,491.0,13099.0
2018-10-03,37.0,493.0,489.0,491.0,9153.0
2018-10-04,35.0,500.0,485.0,492.0,2982.0
2018-10-07,29.0,490.0,486.0,490.0,4036.0
2018-10-08,40.0,495.0,485.0,485.0,5671.0
2018-10-09,20.0,487.0,485.0,485.0,1477.0
2018-10-10,21.0,486.0,484.0,485.0,2277.0
2018-10-11,18.0,488.0,482.0,485.0,1691.0
2018-10-14,11.0,490.0,485.0,490.0,923.0
2018-10-15,17.0,498.0,490.0,492.0,2554.0
2018-10-21,30.0,495.0,488.0,490.0,1995.0
2018-10-22,18.0,495.0,487.0,487.0,5386.0
2018-10-23,30.0,489.0,483.0,485.0,8729.0
2018-10-24,26.0,494.0,485.0,494.0,3201.0
2018-10-25,23.0,497.0,488.0,497.0,3401.0
2018-10-28,15.0,497.0,486.0,486.0,1558.0
2018-10-29,25.0,486.0,477.0,484.0,2671.0
2018-10-30,21.0,484.0,479.0,482.0,2885.0
2018-10-31,8.0,488.0,482.0,484.0,957.0
2018-11-01,33.0,491.0,475.0,484.0,6782.0
2018-11-04,15.0,480.0,475.0,478.0,2139.0
2018-11-05,17.0,482.0,475.0,482.0,2488.0
2018-11-06,4.0,484.0,478.0,484.0,805.0
2018-11-07,366.0,484.0,478.0,484.0,88962.0
2018-11-10,4.0,484.0,478.0,484.0,805.0
2018-11-11,9.0,485.0,470.0,471.0,977.0
2018-11-12,30.0,477.0,467.0,471.0,2917.0
2018-11-13,24.0,480.0,471.0,478.0,2400.0
2018-11-14,16.0,478.0,472.0,472.0,3620.0
2018-11-15,28.0,474.0,465.0,470.0,6291.0
2018-11-18,24.0,470.0,447.0,455.0,3573.0
2018-11-19,31.0,457.0,441.0,448.0,4863.0
2018-11-20,19.0,450.0,443.0,443.0,1229.0
2018-11-21,34.0,444.0,436.0,440.0,5750.0
2018-11-22,31.0,445.0,440.0,440.0,4852.0
2018-11-25,32.0,440.0,425.0,425.0,4338.0
2018-11-26,42.0,430.0,419.0,419.0,15838.0
2018-11-27,32.0,428.0,419.0,419.0,13614.0
2018-11-28,20.0,420.0,415.0,416.05,8242.0
2018-11-29,33.0,417.0,408.0,412.0,2978.0
2018-12-02,42.0,412.0,400.0,401.0,12782.0
2018-12-03,31.0,407.0,398.0,398.0,10228.0
2018-12-04,108.0,398.0,389.0,390.0,23526.0
2018-12-05,25.0,395.0,386.0,389.0,5689.0
2018-12-06,77.0,395.0,380.0,394.0,17391.0
2018-12-09,46.0,398.0,388.0,394.0,15696.0
2018-12-10,47.0,406.0,391.0,402.0,16918.0
2018-12-11,43.0,407.0,396.0,398.0,7855.0
2018-12-12,40.0,405.0,390.0,396.0,6952.0
2018-12-13,16.0,407.0,396.0,404.0,4585.0
2018-12-16,65.0,415.0,404.0,408.0,8865.0
2018-12-17,53.0,410.0,404.0,405.0,8512.0
2018-12-18,23.0,408.0,402.0,404.0,1818.0
2018-12-19,28.0,410.0,402.0,403.0,2405.0
2018-12-20,55.0,404.0,401.0,402.0,8221.0
2018-12-23,55.0,418.0,402.0,416.0,10210.0
2018-12-24,35.0,416.0,409.0,412.0,4814.0
2018-12-25,13.0,412.0,408.0,410.0,2653.0
2018-12-26,37.0,429.0,410.0,429.0,7006.0
2018-12-27,70.0,437.0,427.0,427.0,14119.0
2018-12-30,18.0,434.0,421.0,425.0,1830.0
2018-12-31,31.0,425.0,420.0,420.0,5340.0
2019-01-01,119.0,431.0,420.0,424.0,15649.0
2019-01-02,33.0,403.81,394.0,394.0,4830.0
2019-01-03,35.0,398.0,391.0,391.0,2976.0
2019-01-06,14.0,391.0,383.0,389.0,3991.0
2019-01-07,21.0,395.0,389.0,392.0,1158.0
2019-01-08,32.0,396.0,390.0,390.0,4006.0
2019-01-09,14.0,396.0,390.0,392.0,1480.0
2019-01-10,29.0,395.0,387.0,387.0,7339.0
2019-01-13,14.0,391.0,387.0,388.0,1345.0
2019-01-14,12.0,392.0,388.0,389.0,993.0
2019-01-15,14.0,397.0,389.0,392.0,1736.0
2019-01-16,22.0,392.0,385.0,385.0,1821.0
2019-01-17,12.0,392.0,385.0,390.0,1178.0
2019-01-20,6.0,390.0,386.0,387.0,450.0
2019-01-21,28.0,399.0,387.0,399.0,6478.0
2019-01-22,26.0,400.0,392.0,400.0,5471.0
2019-01-23,21.0,400.0,395.0,399.0,2550.0
2019-01-24,30.0,399.0,389.0,392.0,3199.0
2019-01-27,46.0,392.0,380.0,383.0,7692.0
2019-01-28,34.0,389.0,380.0,380.0,3484.0
2019-01-29,27.0,385.0,380.0,382.0,5340.0
2019-01-30,30.0,382.0,380.0,380.0,6132.0
2019-01-31,36.0,382.0,378.0,381.0,3031.0
2019-02-03,32.0,383.0,379.0,379.0,3047.0
2019-02-04,31.0,379.0,376.0,377.0,5795.0
2019-02-05,18.0,383.0,377.0,381.0,2876.0
2019-02-06,26.0,383.0,379.0,379.0,2924.0
2019-02-07,11.0,386.0,379.0,381.0,979.0
2019-02-10,20.0,381.0,378.0,380.0,1543.0
2019-02-11,26.0,383.0,376.0,377.0,2389.0
2019-02-12,24.0,381.0,377.0,381.0,2125.0
2019-02-13,21.0,381.0,377.0,378.0,2801.0
2019-02-14,7.0,380.0,377.0,377.0,290.0
2019-02-17,25.0,377.0,371.0,375.0,2213.0
2019-02-18,34.0,375.0,370.0,371.0,3343.0
2019-02-19,22.0,381.0,371.0,379.0,3946.0
2019-02-20,17.0,382.0,376.0,380.0,2016.0
2019-02-21,22.0,380.0,374.0,376.0,2358.0
2019-02-24,21.0,380.0,375.0,375.0,2048.0
2019-02-25,26.0,382.0,372.0,375.0,3899.0
2019-02-26,32.0,375.0,370.0,372.0,7230.0
2019-02-27,20.0,375.0,370.0,375.0,4594.0
2019-03-03,44.0,376.0,370.0,370.0,4208.0
2019-03-05,32.0,371.0,366.0,371.0,4892.0
2019-03-06,12.0,373.0,371.0,373.0,5521.0
2019-03-07,35.0,382.0,373.0,382.0,6781.0
2019-03-10,13.0,385.0,376.0,380.0,2665.0
2019-03-11,35.0,391.0,380.0,387.0,4631.0
2019-03-12,50.0,399.0,387.0,395.0,6983.0
2019-03-13,23.0,402.0,394.0,397.0,2202.0
2019-03-14,27.0,395.0,390.0,391.0,6818.0
2019-03-17,33.0,399.0,392.0,392.0,3236.0
2019-03-18,34.0,399.0,392.0,394.0,5096.0
2019-03-19,6.0,395.0,390.0,392.0,274.0
2019-03-21,21.0,395.0,390.0,392.0,2148.0
2019-03-24,14.0,394.0,383.0,385.0,3103.0
2019-03-25,36.0,395.0,383.0,395.0,6754.0
2019-03-26,26.0,395.0,390.0,391.0,4153.0
2019-03-27,25.0,395.0,390.0,390.0,4480.0
2019-03-28,18.0,391.0,388.0,391.0,3379.0
2019-03-31,53.0,398.0,385.0,387.0,10285.0
2019-04-01,23.0,392.0,382.0,392.0,6589.0
2019-04-02,50.0,401.0,395.0,398.0,6596.0
2019-04-03,44.0,403.0,395.0,398.0,6010.0
2019-04-04,45.0,405.0,395.0,403.0,13408.0
2019-04-07,53.0,417.0,400.0,417.0,11263.0
2019-04-08,86.0,426.0,407.0,421.0,10664.0
2019-04-09,44.0,424.0,411.0,412.0,11344.0
2019-04-10,18.0,418.0,407.0,417.0,2502.0
2019-04-11,26.0,421.0,412.0,412.0,8113.0
2019-04-15,6.0,415.0,411.0,415.0,1557.0
2019-04-16,37.0,425.0,415.0,425.0,3364.0
2019-04-17,87.0,440.0,427.0,436.0,20209.0
2019-04-18,110.0,465.0,441.0,465.0,20793.0
2019-04-21,179.0,511.0,467.0,511.0,36288.0
2019-04-22,244.0,525.0,486.0,497.0,47770.0
2019-04-23,102.0,516.0,495.0,505.0,20561.0
2019-04-24,114.0,530.0,505.0,518.0,27529.0
2019-04-25,118.0,522.0,505.0,508.0,22642.0
2019-04-28,116.0,520.0,500.0,501.0,18024.0
2019-04-29,71.0,505.0,490.0,496.0,10964.0
2019-04-30,71.0,500.0,481.0,481.0,9063.0
2019-05-02,50.0,492.0,475.0,485.0,7658.0
2019-05-05,73.0,484.0,476.0,484.0,10515.0
2019-05-06,76.0,500.0,476.0,497.0,13280.0
2019-05-07,50.0,506.0,483.0,488.0,6141.0
2019-05-08,39.0,496.0,480.0,492.0,11125.0
2019-05-09,43.0,487.0,483.0,483.0,7530.0
2019-05-12,41.0,488.0,474.0,487.0,14995.0
2019-05-13,22.0,490.0,482.0,488.0,2938.0
2019-05-14,47.0,495.0,485.0,485.0,7362.0
2019-05-15,152.0,503.0,491.0,497.0,28909.0
2019-05-16,61.0,501.0,489.0,489.0,9503.0
2019-05-19,58.0,492.0,482.0,482.0,11199.0
2019-05-20,47.0,485.0,480.0,480.0,7962.0
2019-05-21,40.0,487.0,480.0,480.0,10509.0
2019-05-22,37.0,485.0,476.0,476.0,5506.0
2019-05-23,57.0,489.0,478.0,482.0,13628.0
2019-05-26,43.0,487.0,472.0,474.0,7066.0
2019-05-27,45.0,478.0,470.0,473.0,12649.0
2019-05-28,30.0,480.0,470.0,478.0,4543.0
2019-05-29,56.0,484.0,471.0,480.0,16477.0
2019-05-30,107.0,500.0,482.0,488.0,23759.0
2019-06-02,34.0,487.0,481.0,482.0,5117.0
2019-06-03,43.0,482.0,472.0,472.0,4953.0
2019-06-04,48.0,477.0,471.0,475.0,14369.0
2019-06-06,42.0,484.0,472.0,472.0,11232.0
2019-06-10,62.0,472.0,465.0,470.0,12681.0
2019-06-11,61.0,474.0,465.0,467.0,7756.0
2019-06-12,66.0,472.0,462.0,466.0,17999.0
2019-06-13,59.0,466.0,462.0,464.0,14022.0
2019-06-16,35.0,465.0,462.0,462.0,7096.0
2019-06-17,33.0,468.0,461.0,463.0,11133.0
2019-06-18,59.0,466.0,460.0,460.0,9113.0
2019-06-19,19.0,461.0,458.0,461.0,3074.0
2019-06-24,42.0,465.0,460.0,465.0,18641.0
2019-06-25,25.0,468.0,464.0,465.0,4966.0
2019-06-26,30.0,465.0,458.0,462.0,5778.0
2019-06-27,38.0,464.0,458.0,462.0,5543.0
2019-06-30,31.0,465.0,460.0,465.0,7096.0
2019-07-01,29.0,465.0,461.0,464.0,6370.0
2019-07-02,28.0,466.0,460.0,466.0,8287.0
2019-07-03,44.0,480.0,463.0,475.0,7617.0
2019-07-04,34.0,472.0,467.0,467.0,7806.0
2019-07-07,39.0,467.0,463.0,466.0,6239.0
2019-07-08,34.0,465.0,460.0,462.0,5234.0
2019-07-09,33.0,462.0,458.0,462.0,6693.0
2019-07-10,49.0,465.0,458.0,460.0,9928.0
2019-07-11,34.0,462.0,459.0,459.0,6219.0
2019-07-14,24.0,464.0,460.0,461.0,4191.0
2019-07-15,23.0,469.0,463.0,464.0,4202.0
2019-07-16,18.0,469.0,463.0,469.0,2622.0
2019-07-17,31.0,477.0,470.0,473.0,4849.0
2019-07-18,31.0,478.0,471.0,473.0,6845.0
2019-07-21,10.0,475.0,470.0,470.0,5500.0
2019-07-22,40.0,476.0,470.0,475.0,5825.0
2019-07-23,19.0,475.0,470.0,473.0,1979.0
2019-07-24,44.0,484.0,472.0,479.0,9232.0
2019-07-25,58.0,480.0,470.0,470.0,10784.0
2019-07-28,50.0,465.0,460.0,460.0,9954.0
2019-07-29,17.0,466.0,460.0,465.0,2360.0
2019-07-30,34.0,470.0,465.0,470.0,3580.0
2019-07-31,32.0,470.0,463.0,465.0,8535.0
2019-08-01,34.0,468.0,461.0,464.0,6620.0
2019-08-04,20.0,465.0,462.0,464.0,2842.0
2019-08-05,22.0,466.0,461.0,464.0,5756.0
2019-08-06,34.0,469.0,459.0,459.0,14529.0
2019-08-07,32.0,462.0,456.0,458.0,8984.0
2019-08-08,35.0,460.0,450.0,450.0,4930.0
2019-08-11,33.0,455.0,440.0,444.0,6344.0
2019-08-12,22.0,461.0,445.0,447.0,2552.0
2019-08-13,37.0,445.0,442.0,445.0,7255.0
2019-08-14,26.0,447.0,443.0,443.0,6022.0
2019-08-15,22.0,446.0,440.0,445.0,2810.0
2019-08-18,50.0,445.0,439.0,440.0,18915.0
2019-08-19,34.0,456.0,439.0,446.0,5895.0
2019-08-20,26.0,454.0,439.0,442.0,2123.0
2019-08-21,20.0,448.0,442.0,445.0,3594.0
2019-08-22,36.0,451.0,445.0,445.0,5451.0
2019-08-25,35.0,453.0,443.0,453.0,11045.0
2019-08-26,18.0,448.0,443.0,448.0,3486.0
2019-08-27,26.0,450.0,442.0,450.0,7592.0
2019-08-28,22.0,449.0,444.0,445.0,6177.0
2019-08-29,21.0,445.0,440.0,445.0,5389.0
2019-09-01,20.0,449.0,440.0,440.0,4241.0
2019-09-02,31.0,442.0,432.0,432.0,4586.0
2019-09-03,36.0,447.0,424.0,440.0,5672.0
2019-09-04,31.0,448.0,444.0,445.0,3715.0
2019-09-05,18.0,450.0,440.0,444.0,2971.0
2019-09-08,24.0,444.0,428.0,432.0,3164.0
2019-09-09,67.0,432.0,420.0,422.0,14792.0
2019-09-10,24.0,430.0,420.0,426.0,4264.0
2019-09-11,14.0,434.0,426.0,426.0,1731.0
2019-09-12,14.0,429.0,424.0,425.0,1843.0
2019-09-15,25.0,425.0,417.0,417.0,7658.0
2019-09-16,42.0,419.0,410.0,410.0,6157.0
2019-09-17,34.0,423.0,414.0,415.0,4229.0
2019-09-18,80.0,428.0,403.0,428.0,15597.0
2019-09-19,28.0,429.0,420.0,420.0,4473.0
2019-09-22,30.0,415.0,409.0,411.0,3485.0
2019-09-23,44.0,411.0,405.0,406.0,5483.0
2019-09-24,33.0,409.0,401.0,403.0,5453.0
2019-09-25,20.0,407.0,403.0,405.0,1802.0
2019-09-26,22.0,406.0,403.0,405.0,2324.0
2019-09-29,15.0,405.0,402.0,403.0,1324.0
2019-09-30,51.0,402.0,390.0,396.0,4841.0
2019-10-01,39.0,410.0,395.0,405.0,6715.0
2019-10-02,35.0,413.0,405.0,408.0,4519.0
2019-10-03,24.0,410.0,408.0,409.0,4892.0
2019-10-10,2.0,415.0,408.0,408.0,1050.0
2019-10-14,24.0,408.0,397.0,400.0,2159.0
2019-10-15,11.0,402.0,399.0,402.0,1075.0
2019-10-16,14.0,402.0,394.0,394.0,1197.0
2019-10-17,13.0,401.0,394.0,400.0,1357.0
2019-10-20,8.0,400.0,393.0,399.0,773.0
2019-10-21,11.0,405.0,400.0,403.0,394.0
2019-10-22,18.0,405.0,402.0,403.0,3580.0
2019-10-23,14.0,404.0,402.0,404.0,1771.0
2019-10-24,16.0,407.0,404.0,406.0,1446.0
2019-10-31,13.0,410.0,407.0,410.0,2924.0
2019-11-03,12.0,406.0,404.0,405.0,2651.0
2019-11-04,18.0,407.0,405.0,405.0,4034.0
2019-11-05,13.0,406.0,405.0,405.0,995.0
2019-11-06,9.0,406.0,405.0,406.0,771.0
2019-11-07,17.0,407.0,405.0,405.0,3497.0
2019-11-10,18.0,406.0,401.0,406.0,5807.0
2019-11-11,16.0,410.0,403.0,407.0,2592.0
2019-11-12,20.0,410.0,402.0,405.0,10507.0
2019-11-13,18.0,404.0,399.0,399.0,2455.0
2019-11-14,17.0,406.0,402.0,402.0,4297.0
2019-11-17,36.0,397.0,390.0,391.0,5510.0
2019-11-18,20.0,392.0,390.0,391.0,6227.0
2019-11-19,16.0,396.0,389.0,389.0,4228.0
2019-11-20,34.0,392.0,390.0,391.0,5890.0
2019-11-21,54.0,391.0,380.0,383.0,9683.0
2019-11-24,26.0,385.0,380.0,381.0,4630.0
2019-11-25,35.0,379.0,372.0,374.0,6097.0
2019-11-26,30.0,382.0,375.0,380.0,7381.0
2019-11-27,32.0,386.0,376.0,380.0,4642.0
2019-11-28,85.0,387.0,382.0,383.0,9527.0
2019-12-01,51.0,356.0,345.0,348.0,7679.0
2019-12-02,22.0,348.0,345.0,345.0,2935.0
2019-12-03,9.0,347.0,344.0,347.0,2403.0
2019-12-04,13.0,348.0,346.0,348.0,833.0
2019-12-05,22.0,353.0,346.0,346.0,3138.0
2019-12-08,17.0,352.0,347.0,347.0,1411.0
2019-12-09,36.0,360.0,347.0,352.0,4946.0
2019-12-10,11.0,358.0,355.0,355.0,842.0
2019-12-11,22.0,360.0,355.0,359.0,1549.0
2019-12-12,20.0,360.0,356.0,357.0,3039.0
2019-12-15,39.0,359.0,352.0,353.0,6319.0
2019-12-16,28.0,360.0,356.0,356.0,3004.0
2019-12-17,17.0,356.0,349.0,350.0,1349.0
2019-12-18,29.0,349.0,346.0,348.0,3594.0
2019-12-19,23.0,353.0,347.0,353.0,5170.0
2019-12-22,19.0,351.0,348.0,350.0,2386.0
2019-12-23,22.0,357.0,350.0,357.0,3818.0
2019-12-24,16.0,360.0,355.0,356.0,2818.0
2019-12-25,21.0,360.0,351.0,352.0,4174.0
2019-12-26,14.0,358.0,352.0,354.0,3328.0
2019-12-29,7.0,355.0,353.0,355.0,878.0
2019-12-30,21.0,355.0,350.0,355.0,2862.0
2019-12-31,31.0,355.0,352.0,352.0,4394.0
2020-01-01,22.0,356.0,352.0,356.0,7846.0
2020-01-02,37.0,356.0,350.0,353.0,10668.0
2020-01-05,52.0,371.0,353.0,368.0,12436.0
2020-01-06,81.0,386.0,368.0,386.0,12770.0
2020-01-07,66.0,397.0,387.0,397.0,8270.0
2020-01-08,63.0,400.0,386.0,386.0,21706.0
2020-01-09,32.0,400.0,379.0,395.0,5159.0
2020-01-12,78.0,408.0,397.0,403.0,17496.0
2020-01-13,81.0,419.0,404.0,405.0,14263.0
2020-01-14,27.0,409.0,399.0,399.0,5998.0
2020-01-15,59.0,423.0,394.0,407.0,14047.0
2020-01-16,47.0,420.0,410.0,419.0,13995.0
2020-01-19,88.0,446.0,416.0,445.0,21354.0
2020-01-20,76.0,453.0,425.0,426.0,13030.0
2020-01-21,56.0,430.0,421.0,425.0,11909.0
2020-01-22,31.0,426.0,420.0,420.0,7661.0
2020-01-23,33.0,421.0,410.0,410.0,6883.0
2020-01-26,43.0,408.0,400.0,401.0,5754.0
2020-01-27,51.0,418.0,400.0,416.0,10325.0
2020-01-28,35.0,414.0,408.0,410.0,7772.0
2020-01-29,48.0,410.0,398.0,402.0,8118.0
2020-01-30,50.0,417.0,401.0,413.0,10888.0
2020-02-02,108.0,430.0,417.0,425.0,23265.0
2020-02-03,75.0,430.0,426.0,428.0,23990.0
2020-02-04,42.0,431.0,416.0,420.0,18677.0
2020-02-05,26.0,422.0,417.0,421.0,4194.0
2020-02-06,22.0,425.0,414.0,414.0,2720.0
2020-02-09,33.0,415.0,408.0,409.0,4465.0
2020-02-10,35.0,415.0,408.0,408.0,6589.0
2020-02-11,36.0,418.0,410.0,414.0,10881.0
2020-02-12,41.0,420.0,410.0,410.0,4272.0
2020-02-13,63.0,414.0,404.0,404.0,9376.0
2020-02-16,49.0,413.0,402.0,410.0,16321.0
2020-02-17,131.0,430.0,418.0,424.0,33663.0
2020-02-18,124.0,435.0,423.0,429.0,28295.0
2020-02-19,37.0,430.0,424.0,424.0,13212.0
2020-02-20,81.0,430.0,421.0,429.0,17873.0
2020-02-23,206.0,471.0,434.0,471.0,62870.0
2020-02-24,252.0,498.0,472.0,475.0,68773.0
2020-02-25,126.0,487.0,466.0,477.0,34609.0
2020-02-26,146.0,499.0,485.0,493.0,50056.0
2020-02-27,412.0,542.0,477.0,542.0,81584.0
2020-03-01,499.0,583.0,532.0,534.0,112352.0
2020-03-02,196.0,535.0,506.0,506.0,39156.0
2020-03-03,295.0,540.0,491.0,516.0,85319.0
2020-03-04,230.0,525.0,481.0,481.0,48427.0
2020-03-05,158.0,485.0,454.0,465.0,33806.0
2020-03-10,62.0,456.0,419.0,419.0,20412.0
2020-03-11,157.0,459.0,423.0,458.0,46476.0
2020-03-12,162.0,470.0,436.0,440.0,24339.0
2020-03-15,166.0,435.0,419.0,419.0,34111.0
2020-03-16,134.0,438.0,413.0,423.0,39016.0
2020-03-17,122.0,423.0,400.0,412.0,29653.0
2020-03-18,118.0,435.0,391.0,407.0,23252.0
2020-03-19,130.0,420.0,393.0,420.0,33945.0
2020-03-22,6.0,420.0,412.0,412.0,570.0
2020-05-13,1.0,404.0,404.0,404.0,20.0
2020-06-29,36.0,396.0,375.0,380.0,6452.0
2020-06-30,17.0,406.0,373.0,405.0,2296.0
2020-07-01,25.0,429.0,410.0,429.0,5323.0
2020-07-02,32.0,435.0,388.0,388.0,6790.0
2020-07-05,75.0,403.0,385.0,400.0,29562.0
2020-07-06,54.0,410.0,396.0,408.0,12306.0
2020-07-07,90.0,427.0,401.0,411.0,11450.0
2020-07-08,58.0,412.0,403.0,409.0,20567.0
2020-07-12,57.0,413.0,404.0,409.0,17892.0
2020-07-13,59.0,415.0,405.0,414.0,16602.0
2020-07-14,67.0,419.0,409.0,418.0,12487.0
2020-07-16,120.0,450.0,439.0,441.0,16404.0
2020-07-19,3.0,465.0,449.0,465.0,60.0
2020-07-20,235.0,506.0,455.0,471.0,41242.0
2020-07-21,153.0,475.0,452.0,452.0,37329.0
2020-07-22,96.0,455.0,443.0,447.0,15876.0
2020-07-23,83.0,457.0,439.0,451.0,11033.0
2020-07-26,85.0,460.0,450.0,460.0,17270.0
2020-07-27,98.0,462.0,452.0,452.0,23201.0
2020-07-28,58.0,457.0,450.0,454.0,13670.0
2020-07-29,75.0,450.0,442.0,445.0,13494.0
2020-07-30,92.0,469.0,440.0,450.0,17138.0
2020-08-02,120.0,445.0,432.0,435.0,26316.0
2020-08-03,93.0,437.0,425.0,431.0,24753.0
2020-08-06,93.0,425.0,414.0,425.0,14567.0
2020-08-09,54.0,429.0,409.0,420.0,7378.0
2020-08-10,95.0,438.0,422.0,437.0,17015.0
2020-08-11,75.0,444.0,429.0,435.0,8017.0
2020-08-12,49.0,438.0,425.0,434.0,13216.0
2020-08-13,71.0,432.0,422.0,424.0,8557.0
2020-08-16,86.0,422.0,408.0,415.0,21864.0
2020-08-17,82.0,415.0,410.0,412.0,16896.0
2020-08-18,68.0,417.0,408.0,410.0,7423.0
2020-08-19,50.0,410.0,403.0,407.0,7040.0
2020-08-20,22.0,416.0,407.0,410.0,2547.0
2020-08-23,30.0,417.0,408.0,417.0,3637.0
2020-08-24,75.0,424.0,417.0,419.0,8293.0
2020-08-25,46.0,426.0,418.0,424.0,9118.0
2020-08-26,139.0,434.0,426.0,433.0,29643.0
2020-08-27,96.0,440.0,431.0,434.0,15769.0
2020-08-31,101.0,437.0,425.0,432.0,14674.0
2020-09-02,109.0,439.0,428.0,437.0,19318.0
2020-09-03,75.0,445.0,433.0,435.0,13974.0
2020-09-06,129.0,456.0,427.0,432.0,22466.0
2020-09-07,84.0,435.0,417.0,420.0,9212.0
2020-09-08,100.0,426.0,414.0,421.0,26985.0
2020-09-09,69.0,427.0,415.0,421.0,21133.0
2020-09-10,68.0,430.0,417.0,419.0,8762.0
2020-09-13,117.0,425.0,415.0,425.0,19719.0
2020-09-14,115.0,433.0,425.0,425.0,18389.0
2020-09-15,79.0,430.0,425.0,425.0,9369.0
2020-09-16,72.0,424.0,419.0,422.0,7917.0
2020-09-17,166.0,444.0,422.0,437.0,30959.0
2020-09-20,90.0,460.0,435.0,438.0,12399.0
2020-09-21,98.0,441.0,436.0,438.0,19495.0
2020-09-22,77.0,438.0,429.0,430.0,13602.0
2020-09-23,70.0,431.0,426.0,427.0,14852.0
2020-09-24,83.0,429.0,424.0,425.0,15571.0
2020-09-27,131.0,450.0,426.0,428.0,31241.0
2020-09-28,67.0,432.0,426.0,428.0,9458.0
2020-09-29,60.0,428.0,424.0,426.0,8372.0
2020-09-30,66.0,447.0,420.0,424.0,15510.0
2020-10-01,87.0,433.0,425.0,430.0,20032.0
2020-10-04,107.0,438.0,433.0,435.0,17632.0
2020-10-05,83.0,439.0,430.0,431.0,14803.0
2020-10-06,86.0,434.0,426.0,426.0,20350.0
2020-10-07,73.0,432.0,424.0,428.0,13839.0
2020-10-08,113.0,435.0,422.0,424.0,21978.0
2020-10-11,111.0,427.0,418.0,420.0,20792.0
2020-10-12,102.0,424.0,412.0,423.0,26589.0
2020-10-13,81.0,427.0,415.0,416.0,12292.0
2020-10-14,73.0,418.0,415.0,415.0,15362.0
2020-10-15,97.0,423.0,413.0,413.0,13949.0
2020-10-18,56.0,414.0,410.0,412.0,10474.0
2020-10-19,60.0,417.0,410.0,417.0,9432.0
2020-10-20,41.0,422.0,414.0,421.0,5978.0
2020-10-21,70.0,425.0,419.0,425.0,15661.0
2020-10-22,125.0,428.0,417.0,428.0,24045.0
2020-10-28,244.0,450.0,431.0,446.0,49367.0
2020-10-29,227.0,460.0,444.0,446.0,47151.0
2020-11-01,88.0,444.0,433.0,435.0,16671.0
2020-11-02,60.0,440.0,430.0,431.0,14941.0
2020-11-03,81.0,432.0,428.0,430.0,11213.0
2020-11-04,51.0,432.0,428.0,431.0,6214.0
2020-11-05,101.0,431.0,424.0,426.0,17071.0
2020-11-08,114.0,427.0,422.0,422.0,28364.0
2020-11-09,104.0,421.0,416.0,420.0,16991.0
2020-11-10,91.0,425.0,419.0,423.0,21339.0
2020-11-11,90.0,430.0,419.0,430.0,18991.0
2020-11-12,93.0,433.0,420.0,428.0,25706.0
2020-11-18,193.0,421.0,412.0,415.0,41098.0
2020-11-19,181.0,422.0,415.0,422.0,44067.0
2020-11-22,240.0,431.0,413.0,420.0,70709.0
2020-11-23,170.0,421.0,414.0,415.0,68919.0
2020-11-24,174.0,418.0,410.0,412.0,39268.0
2020-11-25,210.0,438.0,392.0,419.0,50557.0
2020-11-26,360.0,439.0,420.0,430.0,113083.0
2020-11-29,572.0,470.0,438.0,465.0,154712.0
2020-11-30,369.0,488.0,446.0,449.0,86123.0
2020-12-01,213.0,454.0,435.0,440.0,52193.0
2020-12-02,155.0,441.0,437.0,440.0,32024.0
2020-12-03,147.0,441.0,432.0,432.0,38255.0
2020-12-06,209.0,433.0,418.0,418.0,49283.0
2020-12-07,134.0,433.0,415.0,424.0,28907.0
2020-12-08,176.0,430.0,413.0,419.0,50250.0
2020-12-09,216.0,418.0,407.0,410.0,57122.0
2020-12-10,132.0,420.0,406.0,420.0,34694.0
2020-12-13,124.0,427.0,412.0,424.0,26947.0
2020-12-14,167.0,444.0,422.0,430.0,44423.0
2020-12-15,122.0,438.0,423.0,429.0,28445.0
2020-12-16,93.0,450.0,421.0,423.0,18609.0
2020-12-17,110.0,428.0,420.0,422.0,27475.0
2020-12-20,248.0,427.0,405.0,410.0,55889.0
2020-12-21,168.0,415.0,391.0,410.0,36532.0
2020-12-22,218.0,419.0,408.0,417.0,47786.0
2020-12-23,172.0,422.0,410.0,416.0,51638.0
2020-12-24,191.0,430.0,414.0,419.0,42471.0
2020-12-27,124.0,427.0,409.0,414.0,21932.0
2020-12-28,100.0,412.0,407.0,410.0,14681.0
2020-12-29,222.0,430.0,407.0,408.0,49368.0
2020-12-30,176.0,399.0,385.0,387.0,29408.0
2020-12-31,371.0,425.0,393.0,407.0,93964.0
2021-01-03,354.0,427.0,412.0,420.0,84299.0
2021-01-04,205.0,430.0,411.0,416.0,42720.0
2021-01-05,106.0,421.0,410.0,417.0,26521.0
2021-01-06,150.0,421.0,416.0,421.0,56120.0
2021-01-07,197.0,426.0,415.0,422.0,82189.0
2021-01-10,510.0,442.0,421.0,436.0,182391.0
2021-01-11,648.0,468.0,439.0,457.0,205247.0
2021-01-12,501.0,485.0,450.0,484.0,119594.0
2021-01-13,418.0,491.0,463.0,466.0,93017.0
2021-01-17,287.0,470.0,450.0,453.0,61837.0
2021-01-18,197.0,462.0,449.0,449.0,43175.0
2021-01-19,231.0,452.0,437.0,446.0,67283.0
2021-01-20,173.0,452.0,424.0,442.0,41214.0
2021-01-21,227.0,459.0,436.0,440.0,42776.0
2021-01-24,232.0,462.0,440.0,445.0,61663.0
2021-01-25,248.0,453.0,439.0,447.0,86106.0
2021-01-26,219.0,455.0,440.0,446.0,71925.0
2021-01-27,200.0,468.0,441.0,446.0,89624.0
2021-01-28,268.0,446.0,434.0,438.0,75932.0
2021-01-31,240.0,437.0,420.0,420.0,42514.0
2021-02-01,131.0,434.0,418.0,421.0,27025.0
2021-02-02,182.0,431.0,422.0,429.0,56924.0
2021-02-03,207.0,437.0,425.0,430.0,57425.0
2021-02-04,172.0,438.0,422.0,422.0,41417.0
2021-02-07,219.0,430.0,418.0,422.0,61664.0
2021-02-08,265.0,443.0,420.0,428.0,56077.0
2021-02-09,191.0,439.0,428.0,432.0,45997.0
2021-02-10,140.0,453.0,425.0,434.0,24163.0
2021-02-11,241.0,441.0,428.0,435.0,61977.0
2021-02-14,157.0,440.0,423.0,430.0,57351.0
2021-02-15,180.0,438.0,428.0,432.0,52494.0
2021-02-16,309.0,453.0,432.0,435.0,119411.0
2021-02-17,414.0,465.0,429.0,448.0,138431.0
2021-02-18,489.0,460.0,447.0,455.0,113213.0
2021-02-21,412.0,463.0,447.0,450.0,72554.0
2021-02-22,217.0,463.0,436.0,438.0,46423.0
2021-02-23,175.0,442.0,424.0,434.0,24941.0
2021-02-24,150.0,455.0,430.0,436.0,26410.0
2021-02-25,185.0,439.0,424.0,429.0,42281.0
2021-02-28,233.0,429.0,419.0,420.0,76641.0
2021-03-01,141.0,425.0,415.0,422.0,23508.0
2021-03-02,195.0,425.0,413.0,420.0,37949.0
2021-03-03,147.0,428.0,409.0,417.0,26690.0
2021-03-04,223.0,421.0,412.0,419.0,26254.0
2021-03-07,151.0,420.0,411.0,417.0,15500.0
2021-03-09,165.0,418.0,410.0,411.0,31650.0
2021-03-10,106.0,417.0,408.0,409.0,10612.0
2021-03-14,151.0,411.0,402.0,406.0,23240.0
2021-03-15,124.0,410.0,403.0,405.0,13178.0
2021-03-16,149.0,413.0,401.0,405.0,28245.0
2021-03-17,105.0,413.0,405.0,406.0,12005.0
2021-03-18,146.0,413.0,407.0,408.0,11474.0
2021-03-21,156.0,431.0,408.0,413.0,32122.0
2021-03-22,106.0,421.0,410.0,410.0,23706.0
2021-03-23,124.0,411.0,407.0,409.0,18670.0
2021-03-24,178.0,414.0,408.0,410.0,38474.0
2021-03-25,164.0,411.0,408.0,409.0,32677.0
2021-03-29,101.0,410.0,404.0,406.0,18220.0
2021-03-30,103.0,407.0,403.0,406.0,21615.0
2021-03-31,179.0,423.0,407.0,410.0,50758.0
2021-04-01,234.0,421.0,411.0,420.0,82973.0
2021-04-04,191.0,425.0,413.0,422.0,31643.0
2021-04-05,102.0,427.0,411.0,414.0,16410.0
2021-04-06,166.0,418.0,409.0,412.0,25005.0
2021-04-07,99.0,415.0,410.0,412.0,13194.0
2021-04-08,150.0,420.0,409.0,413.0,20220.0
2021-04-12,134.0,414.0,407.0,414.0,22439.0
2021-04-13,197.0,422.0,412.0,421.0,61001.0
2021-04-15,422.0,435.0,421.0,432.0,75234.0
2021-04-18,235.0,435.0,419.0,423.0,34253.0
2021-04-19,91.0,420.0,416.0,419.0,14655.0
2021-04-20,133.0,419.0,415.0,415.0,31684.0
2021-04-21,151.0,416.0,412.0,413.0,27381.0
2021-04-22,153.0,413.0,409.0,410.0,28524.0
2021-04-25,189.0,410.0,405.0,405.0,23822.0
2021-04-26,209.0,406.0,397.0,397.0,37147.0
2021-04-27,155.0,423.0,396.0,404.0,21190.0
2021-04-28,232.0,401.0,393.0,394.0,33638.0
2021-04-29,147.0,400.0,392.0,397.0,18246.0
2021-05-02,176.0,400.0,395.0,400.0,23761.0
2021-05-03,165.0,405.0,396.0,398.0,21198.0
2021-05-04,129.0,403.0,395.0,397.0,13737.0
2021-05-05,137.0,400.0,393.0,395.0,22289.0
2021-05-06,167.0,395.0,392.0,393.0,26405.0
2021-05-09,157.0,401.0,393.0,396.0,22825.0
2021-05-10,88.0,398.0,395.0,396.0,10973.0
2021-05-11,190.0,404.0,390.0,395.0,49566.0
2021-05-12,121.0,402.0,393.0,397.0,20675.0
2021-05-13,118.0,399.0,396.0,397.0,22234.0
2021-05-16,239.0,404.0,395.0,399.0,60652.0
2021-05-17,228.0,408.0,398.0,399.0,35962.0
2021-05-18,259.0,404.0,399.0,401.0,44672.0
2021-05-19,427.0,416.0,402.0,409.0,59847.0
2021-05-20,231.0,417.0,408.0,414.0,46047.0
2021-05-23,278.0,417.0,402.0,417.0,43845.0
2021-05-24,566.0,437.0,397.0,421.0,99210.0
2021-05-25,230.0,422.0,410.0,413.0,35727.0
2021-05-27,228.0,417.0,407.0,411.0,32951.0
2021-05-30,319.0,419.0,409.0,410.0,57280.0
2021-05-31,266.0,417.0,408.0,408.0,64680.0
2021-06-01,210.0,410.0,405.0,407.0,37019.0
2021-06-02,243.0,410.0,405.0,408.0,58676.0
2021-06-03,537.0,419.0,407.0,416.0,116726.0
2021-06-06,1204.0,438.0,424.0,429.0,265933.0
2021-06-07,495.0,437.0,420.0,422.0,108410.0
2021-06-08,460.0,430.0,420.0,424.0,113779.0
2021-06-09,278.0,432.0,420.0,421.0,50091.0
2021-06-10,330.0,423.0,409.0,416.0,54711.0
2021-06-13,354.0,420.0,407.0,415.0,67430.0
2021-06-14,980.0,442.0,415.0,433.0,268473.0
2021-06-15,558.0,445.0,427.0,427.0,97663.0
2021-06-16,580.0,438.0,426.0,431.0,125930.0
2021-06-17,266.0,452.0,421.0,422.0,56526.0
2021-06-20,323.0,422.0,412.0,415.0,95522.0
2021-06-21,298.0,418.0,406.0,407.0,57222.0
2021-06-22,228.0,421.0,407.0,418.0,46011.0
2021-06-23,217.0,419.0,408.0,410.0,41732.0
2021-06-24,175.0,413.0,406.0,410.0,46659.0
2021-06-27,252.0,421.0,404.0,415.0,46675.0
2021-06-28,160.0,421.0,411.0,413.0,24057.0
2021-06-29,133.0,419.0,410.0,410.0,28686.0
2021-06-30,137.0,414.0,408.0,412.0,23693.0
2021-07-01,102.0,416.0,410.0,412.0,23639.0
2021-07-04,121.0,415.0,408.0,411.0,22170.0
2021-07-05,81.0,411.0,406.0,408.0,15008.0
2021-07-06,115.0,412.0,405.0,406.0,20296.0
2021-07-07,109.0,414.0,405.0,405.0,22529.0
2021-07-08,123.0,408.0,403.0,407.0,19634.0
2021-07-11,168.0,415.0,408.0,413.0,29179.0
2021-07-12,188.0,419.0,408.0,409.0,40285.0
2021-07-13,107.0,415.0,406.0,412.0,16766.0
2021-07-14,82.0,412.0,408.0,409.0,10492.0
2021-07-15,139.0,413.0,408.0,409.0,35759.0
2021-07-18,514.0,430.0,413.0,427.0,98206.0
2021-07-19,393.0,440.0,425.6,427.0,68978.0
2021-07-20,246.0,435.0,417.0,419.0,43575.0
2021-07-22,395.0,427.0,415.0,424.0,103383.0
2021-07-25,1028.0,453.9,426.0,441.0,300429.0
2021-07-26,503.0,449.8,435.1,438.0,115082.0
2021-07-27,360.0,442.0,423.0,441.5,75021.0
2021-07-28,294.0,448.0,435.0,436.5,75545.0
2021-07-29,224.0,436.5,428.1,430.0,48276.0
2021-08-01,250.0,436.0,426.0,428.0,67864.0
2021-08-02,217.0,434.0,424.0,426.0,40086.0
2021-08-03,158.0,430.0,423.5,425.0,35229.0
2021-08-04,230.0,434.5,423.0,425.0,39884.0
2021-08-05,238.0,430.0,421.0,422.0,43891.0
2021-08-08,260.0,428.0,420.0,425.0,54413.0
2021-08-09,183.0,425.0,420.0,420.9,33403.0
2021-08-10,347.0,442.0,420.0,430.0,63944.0
2021-08-11,210.0,438.0,424.0,425.0,29509.0
2021-08-12,244.0,430.0,423.0,427.0,62765.0
2021-08-15,282.0,430.0,417.0,425.0,67594.0
2021-08-16,734.0,417.0,407.7,410.5,138377.0
2021-08-17,563.0,409.9,400.0,401.1,137752.0
2021-08-18,411.0,405.0,397.3,402.0,70910.0
2021-08-19,276.0,414.0,400.0,401.0,46906.0
2021-08-24,239.0,405.0,396.0,398.0,34748.0
2021-08-25,351.0,397.0,388.6,391.9,55489.0
2021-08-26,272.0,399.0,389.0,393.0,33732.0
2021-08-29,301.0,393.0,385.0,390.0,51282.0
2021-08-31,331.0,392.0,380.0,386.0,61136.0
2021-09-01,280.0,393.0,380.0,383.0,46379.0
2021-09-02,215.0,390.0,383.2,386.0,28557.0
2021-09-05,261.0,393.0,380.2,384.0,65310.0
2021-09-06,248.0,393.9,380.3,390.0,33288.0
2021-09-07,166.0,397.8,378.0,384.2,19487.0
2021-09-08,161.0,391.8,380.0,382.0,20761.0
2021-09-09,113.0,395.0,380.6,383.0,13400.0
2021-09-12,189.0,385.0,379.1,382.0,29515.0
2021-09-13,201.0,389.9,380.0,381.0,25150.0
2021-09-14,148.0,388.0,378.8,382.5,24598.0
2021-09-15,118.0,383.0,379.1,380.0,17560.0
2021-09-16,252.0,377.0,370.0,373.0,45463.0
2021-09-20,273.0,373.5,358.7,360.0,37307.0
2021-09-21,208.0,367.0,351.0,360.0,27219.0
2021-09-22,145.0,373.0,363.0,371.0,14883.0
2021-09-23,192.0,380.0,370.0,376.0,30518.0
2021-09-26,113.0,377.0,366.0,370.0,12489.0
2021-09-27,116.0,365.1,357.0,365.0,19456.0
2021-09-28,133.0,364.9,352.1,358.0,13632.0
2021-09-29,74.0,365.0,351.1,357.0,10152.0
2021-09-30,110.0,364.0,352.0,357.0,10612.0
2021-10-03,81.0,355.0,350.0,352.0,11563.0
2021-10-04,141.0,355.0,343.0,350.0,14862.0
2021-10-05,48.0,356.0,343.4,352.2,5736.0
2021-10-06,124.0,356.0,349.0,354.8,21845.0
2021-10-10,89.0,362.0,348.0,352.0,12900.0
2021-10-11,46.0,359.0,352.0,357.0,5502.0
2021-10-17,51.0,358.0,350.0,357.0,6495.0
2021-10-18,71.0,359.0,350.0,350.0,11264.0
2021-10-19,177.0,350.0,331.3,340.0,34314.0
2021-10-20,75.0,348.0,340.0,346.8,12863.0
2021-10-21,70.0,348.0,341.0,346.5,11114.0
2021-10-24,61.0,348.0,342.0,345.9,9776.0
2021-10-25,69.0,352.7,340.0,350.0,14799.0
2021-10-26,163.0,357.0,347.8,350.0,31353.0
2021-10-27,101.0,355.9,346.0,350.0,23111.0
2021-10-28,113.0,351.0,345.0,347.0,18284.0
2021-10-31,128.0,355.0,346.0,350.0,32362.0
2021-11-01,180.0,363.2,350.0,354.9,38192.0
2021-11-02,69.0,355.0,351.0,353.0,5376.0
2021-11-03,127.0,365.0,355.0,356.0,25974.0
2021-11-08,103.0,364.6,353.1,359.0,24684.0
2021-11-09,128.0,362.0,353.6,359.0,42664.0
2021-11-11,77.0,355.0,348.1,348.1,26504.0
2021-11-14,67.0,362.1,344.1,352.0,9700.0
2021-11-15,53.0,355.0,348.0,354.0,6509.0
2021-11-16,130.0,360.4,347.0,360.0,23596.0
2021-11-17,88.0,360.0,353.1,356.0,13158.0
2021-11-18,58.0,357.0,350.0,353.7,8715.0
2021-11-21,57.0,357.0,351.0,352.5,8971.0
2021-11-22,97.0,360.0,347.5,356.1,15456.0
2021-11-23,35.0,357.0,350.0,352.3,6271.0
2021-11-24,303.0,347.8,334.0,346.0,80223.0
2021-11-25,172.0,353.0,334.1,350.0,40078.0
2021-11-28,225.0,366.0,340.2,360.0,65928.0
2021-11-29,89.0,360.0,352.8,354.1,11556.0
2021-11-30,63.0,354.0,344.0,352.0,17838.0
2021-12-01,154.0,365.0,352.0,355.0,44224.0
2021-12-02,75.0,361.0,351.0,361.0,18857.0
2021-12-05,100.0,360.0,350.0,351.5,48982.0
2021-12-06,101.0,356.0,346.0,346.5,32544.0
2021-12-07,48.0,353.4,348.0,349.0,6470.0
2021-12-08,123.0,354.0,340.0,353.9,32821.0
2021-12-09,160.0,362.0,348.0,360.9,30846.0
2021-12-12,81.0,359.0,350.0,353.0,15126.0
2021-12-13,83.0,357.3,339.1,351.2,28598.0
2021-12-14,23.0,355.2,345.0,355.0,4047.0
2021-12-15,63.0,356.0,344.0,354.9,7086.0
2021-12-16,52.0,361.9,349.1,352.0,7553.0
2021-12-20,92.0,353.0,347.0,351.0,32790.0
2021-12-21,203.0,360.0,347.0,356.9,44412.0
2021-12-22,70.0,358.0,345.0,351.5,19689.0
2021-12-23,73.0,352.0,345.1,350.0,16505.0
2021-12-26,77.0,352.9,348.0,348.1,19411.0
2021-12-27,43.0,350.0,345.5,345.5,8945.0
2021-12-28,51.0,350.0,345.0,345.1,57399.0
2021-12-29,61.0,347.5,340.1,345.0,20738.0
2022-01-03,40.0,352.9,345.2,350.9,5247.0
2022-01-04,377.0,385.9,347.0,385.0,73964.0
2022-01-05,211.0,392.7,367.3,373.9,34112.0
2022-01-06,214.0,392.0,366.0,391.0,58906.0
2022-01-09,193.0,398.0,385.0,392.0,33363.0
2022-01-10,245.0,400.8,385.0,393.9,91973.0
2022-01-12,132.0,393.0,380.0,383.0,41127.0
2022-01-13,104.0,385.5,377.0,383.9,20126.0
2022-01-16,171.0,390.5,379.0,382.0,23332.0
2022-01-18,396.0,418.0,405.0,418.0,114884.0
2022-01-19,181.0,422.0,402.5,405.9,40717.0
2022-01-20,134.0,406.0,398.0,404.0,41592.0
2022-01-23,226.0,411.8,400.0,408.0,72858.0
